iteration,time_in_seconds,selected_config_idx,reward,cpu_percent,mem_usage,throughput,response_time
1.0,6.208552837371826,0.0,2.3654399145213696,824.5250206896552,139.109375,7.005588531494141,1.5220588235294117
2.0,17.45815372467041,1.0,0.2530344691382116,824.4094182825485,138.80859375,0.006114959716796875,1.5984848484848484
3.0,29.2049720287323,2.0,2.1129931759933585,845.346547700755,140.1171875,7.012016296386719,47.404545454545456
4.0,41.175477743148804,3.0,0.013195351795075517,851.2331680440772,140.15234375,0.012696266174316406,47.404545454545456
5.0,52.88321328163147,4.0,2.441750324764541,801.8950792556858,139.89453125,7.018092155456543,1.1927536231884057
6.0,64.615638256073,5.0,0.015051913038592758,833.6838718473075,140.25390625,0.0193328857421875,48.19767441860465
7.0,76.56480097770691,6.0,2.1167198094859567,837.6851806407634,139.9765625,7.024665832519531,47.80742459396752
8.0,88.36886620521545,7.0,0.3318628600710586,829.3116266300618,138.94140625,0.02540302276611328,1.2373134328358208
9.0,100.00090432167053,8.0,2.298829181934583,803.7632967032968,139.9375,7.030981063842773,2.121212121212121
10.0,111.64941120147705,9.0,0.01896780271653615,840.1717340644277,140.8046875,0.031975746154785156,47.467441860465115
11.0,123.7951238155365,10.0,2.12060359288641,824.0347778537252,140.10546875,7.0375871658325195,47.78409090909091
12.0,136.1884846687317,11.0,0.021220349103876806,837.8852459016393,141.04296875,0.03965568542480469,47.75581395348837
13.0,148.66024899482727,12.0,2.1226896222024227,835.5229649965682,140.81640625,7.044585227966309,47.82093023255814
14.0,160.85223698616028,13.0,0.023329193196327227,852.9923298969072,140.1875,0.046398162841796875,47.27045454545455
15.0,172.76262998580933,14.0,2.293182824835835,821.5809813407049,141.02734375,7.050719261169434,2.2597014925373133
16.0,184.18837714195251,15.0,0.36861650685364267,799.1987845303868,140.79296875,0.05205059051513672,1.136231884057971
17.0,195.5914306640625,16.0,2.461969663799063,818.4676118375775,140.9765625,7.0562543869018555,1.1623188405797102
18.0,207.17937755584717,17.0,0.29923922923596,795.2900480439258,140.60546875,0.057847023010253906,1.4238805970149253
19.0,218.6766095161438,18.0,2.4124033960690823,796.9890607734807,140.83203125,7.06218147277832,1.3661764705882353
20.0,230.13349270820618,19.0,0.36258686814453184,796.0945704467355,140.68359375,0.06351852416992188,1.1676470588235295
21.0,241.84998655319214,20.0,2.3109948078644487,796.0021917808219,140.140625,7.0683698654174805,2.110606060606061
22.0,253.6343879699707,21.0,0.03062820641843189,828.9735890410959,141.31640625,0.07090377807617188,47.57272727272727
23.0,265.86520075798035,22.0,2.1318531790321327,828.8280434782608,141.8046875,7.074974060058594,47.53720930232558
24.0,278.4137487411499,23.0,0.0326361773937029,851.5311780821918,140.9140625,0.07776737213134766,47.83863636363636
25.0,290.9432764053345,24.0,2.1338644887408673,854.8890607734807,141.3046875,7.081966400146484,48.00232558139535
26.0,303.3158962726593,25.0,0.03474084935045522,828.095540355677,142.125,0.0845041275024414,47.36818181818182
27.0,315.3964612483978,26.0,2.306490966909248,796.9336806031529,141.19140625,7.088090896606445,2.2333333333333334
28.0,326.92969942092896,27.0,0.3688550178958736,810.363956043956,140.79296875,0.09015274047851562,1.173529411764706
29.0,338.4264945983887,28.0,2.4721839285747857,829.9071645919779,141.6640625,7.093624114990234,1.1656716417910449
30.0,350.01073145866394,29.0,0.30461048631016446,821.1603583735356,140.54296875,0.09594535827636719,1.455223880597015
31.0,361.6677966117859,30.0,2.4119755976247648,789.3312834591627,141.16015625,7.099545478820801,1.4227272727272726
32.0,373.1945610046387,31.0,0.3739562175638643,804.1332419465388,141.1953125,0.10241985321044922,1.1686567164179105
33.0,384.8913543224335,32.0,2.3249916934513677,786.097520661157,141.67578125,7.105469703674316,2.0791044776119403
34.0,396.6611170768738,33.0,0.22674453584778723,787.928852233677,141.86328125,0.10854339599609375,2.0701492537313433
35.0,408.4365646839142,34.0,2.3077268627739485,783.5921590130226,142.0625,7.111763954162598,2.308955223880597
36.0,420.2057430744171,35.0,0.20634203168619808,833.8629285218598,141.31640625,0.11492061614990234,2.3402985074626868
37.0,431.9388065338135,36.0,2.329565850722891,812.1257300275482,141.94140625,7.117974281311035,2.0701492537313433
38.0,443.645143032074,37.0,0.22999874520265864,821.3883161512027,141.11328125,0.12103748321533203,2.0753846153846154
39.0,455.4263710975647,38.0,2.3308715052811446,829.98954607978,142.4140625,7.124092102050781,2.0757575757575757
40.0,467.2801790237427,39.0,0.20677386028224518,802.2610555174778,141.12890625,0.12732315063476562,2.3863636363636362
41.0,479.10873460769653,40.0,2.306554369771937,807.0934806629834,140.76171875,7.130465507507324,2.403030303030303
42.0,490.89136123657227,41.0,0.2343819025200809,814.6977439446367,140.93359375,0.13434410095214844,2.0712121212121213
43.0,502.4291534423828,28.0,2.47639641417649,808.6375890410959,141.03515625,7.136194229125977,1.1955223880597015
44.0,513.5102334022522,28.0,0.3830295862187565,824.9803314917127,141.39453125,0.13819503784179688,1.1743243243243244
45.0,524.553293466568,28.0,2.4757386961987486,792.5972602739727,141.76171875,7.140045166015625,1.2020408163265306
46.0,535.6057848930359,28.0,0.3814395106078493,790.6576252573782,141.98828125,0.1420459747314453,1.1838926174496645
47.0,546.6819403171539,28.0,2.4875134522483906,807.2535168616655,140.96484375,7.143896102905273,1.164864864864865
48.0,557.7338120937347,28.0,0.38189763603213506,817.7086379192334,142.4296875,0.14589500427246094,1.1863013698630136
49.0,568.7947635650635,28.0,2.4830169343273445,805.4728542094456,141.2109375,7.147745132446289,1.1843537414965986
50.0,579.8520505428314,28.0,0.38557123248911856,803.9516049382715,140.71875,0.14974594116210938,1.1775510204081632
51.0,590.882714509964,28.0,2.4853375948369427,819.5195589248793,140.87890625,7.1515960693359375,1.1802721088435375
52.0,601.9417164325714,28.0,0.3917810108500902,793.2714520547945,142.11328125,0.1535968780517578,1.1602739726027398
53.0,612.9972772598267,28.0,2.4916893341090622,807.2269773817684,142.1484375,7.156261444091797,1.163265306122449
54.0,624.0755496025085,28.0,0.3845719840454735,812.8671251719394,141.296875,0.15744590759277344,1.1891156462585033
55.0,635.1255023479462,28.0,2.494666283303506,814.7483460207612,141.2265625,7.160112380981445,1.1571428571428573
56.0,646.1994681358337,28.0,0.3847714350579261,802.9347599451303,140.83984375,0.16129112243652344,1.192517006802721
57.0,657.2558934688568,28.0,2.4897872011675117,796.7882417582418,142.03515625,7.163959503173828,1.1777027027027027
58.0,668.3250699043274,28.0,0.3920967609927779,819.2937628512681,141.66796875,0.16514205932617188,1.170945945945946
59.0,679.3543190956116,28.0,2.486718354817938,821.5202764340013,141.37109375,7.167808532714844,1.192517006802721
60.0,690.4035429954529,28.0,0.3937090320076434,804.4173817683344,142.09765625,0.1689910888671875,1.1693877551020408
61.0,701.460750579834,28.0,2.4936683136826714,792.9225648021828,141.26953125,7.171659469604492,1.1722972972972974
62.0,712.5200700759888,28.0,0.3942137762264802,803.8498901098901,141.80078125,0.17284202575683594,1.1716216216216215
63.0,723.560825586319,28.0,2.497321477942489,818.3534845360825,140.84375,7.175510406494141,1.163758389261745
64.0,734.5920538902283,28.0,0.38734939354435316,794.9842191780822,142.62890625,0.1775074005126953,1.2006802721088434
65.0,745.6212131977081,28.0,2.495630213359501,806.6705154639175,141.8671875,7.179359436035156,1.1734693877551021
66.0,756.6491355895996,28.0,0.39309959837790903,806.5735630599587,141.40234375,0.18135833740234375,1.1843537414965986
67.0,767.6842393875122,28.0,2.49000480736746,799.8397808219179,142.70703125,7.183210372924805,1.1972789115646258
68.0,778.7548732757568,28.0,0.3987700765341012,824.3077770130764,141.59765625,0.1852092742919922,1.1687074829931974
69.0,789.7888057231903,28.0,2.4940312326429988,809.7010295126972,142.23046875,7.187061309814453,1.1870748299319729
70.0,800.8193476200104,28.0,0.4045699757643408,813.073704467354,142.19140625,0.18906021118164062,1.153061224489796
71.0,811.8530540466309,28.0,2.492697067958101,807.510523415978,141.8984375,7.190912246704102,1.1959183673469387
72.0,822.887316942215,28.0,0.4041876622606719,811.6337997256516,140.8203125,0.19291114807128906,1.1582191780821918
73.0,833.954479932785,28.0,2.4938490413234002,832.127204968944,141.09375,7.19476318359375,1.1959183673469387
74.0,844.9845216274261,28.0,0.3985332962792825,815.4731167933656,141.10546875,0.1967620849609375,1.1815068493150684
75.0,856.0195045471191,28.0,2.4971646424233964,798.476493150685,142.62109375,7.199428558349609,1.1891156462585033
76.0,867.0477533340454,28.0,0.40692732723175334,814.9502680412372,142.0078125,0.20061111450195312,1.1567567567567567
77.0,878.1034152507782,28.0,2.5035403912377383,808.0697379310345,141.8671875,7.203279495239258,1.170945945945946
78.0,889.1340320110321,28.0,0.4065499947521217,807.9456396148556,142.54296875,0.20446205139160156,1.161904761904762
79.0,900.1607360839844,28.0,2.505347707083222,813.8119096509239,141.96875,7.207130432128906,1.1687074829931974
80.0,911.2028126716614,28.0,0.3984857905247261,818.1924413793104,141.44140625,0.20830535888671875,1.1938775510204083
81.0,922.2606604099274,28.0,2.498152673678803,814.6178723404255,140.96875,7.210975646972656,1.1979452054794522
82.0,933.2944056987762,28.0,0.40214581653868525,795.9241530054645,141.92578125,0.2121562957763672,1.1850340136054422
83.0,944.3216927051544,28.0,2.508866527743641,792.9700344589938,141.05078125,7.214824676513672,1.164625850340136
84.0,955.3766775131226,28.0,0.4009774067629954,799.1974777244689,142.015625,0.21600723266601562,1.1932432432432432
85.0,966.4063532352448,28.0,2.5045217856319635,812.8973673328738,140.82421875,7.21867561340332,1.1835616438356165
86.0,977.4617412090302,28.0,0.4101511086115483,803.3421610461115,140.6875,0.220672607421875,1.1662162162162162
87.0,988.4900441169739,28.0,2.5083864241394376,800.9719780219781,141.390625,7.222524642944336,1.1741496598639456
88.0,999.541668176651,28.0,0.4083501157825394,801.5801098901098,141.02734375,0.22452354431152344,1.1763513513513513
89.0,1010.5808653831482,28.0,2.5138540395404423,794.0855020632737,142.62109375,7.226375579833984,1.1594594594594594
90.0,1021.6444802284241,28.0,0.40775350701207097,808.5176600137647,141.2265625,0.22837448120117188,1.1824324324324325
91.0,1032.7041895389557,28.0,2.5155863141849797,806.7274673987646,141.06640625,7.230224609375,1.1575342465753424
92.0,1043.735510110855,28.0,0.4118267642652724,823.8617980636238,141.52734375,0.2322235107421875,1.1722972972972974
93.0,1054.7819361686707,28.0,2.508754562866831,791.4627160493827,141.453125,7.234075546264648,1.1849315068493151
94.0,1065.8447740077972,28.0,0.41064580471627,809.2245348035837,140.90625,0.23607444763183594,1.1804054054054054
95.0,1076.8729660511017,28.0,2.5178077381131243,822.2825637491385,140.71484375,7.237926483154297,1.1578231292517007
96.0,1087.91823554039,28.0,0.41341657482744354,808.3614814814815,141.88671875,0.2401294708251953,1.175
97.0,1098.9865281581879,28.0,2.513116885645792,816.8434962147282,141.609375,7.242387771606445,1.1783783783783783
98.0,1110.0135929584503,28.0,0.41268935052863986,828.9249586776859,142.0859375,0.24397850036621094,1.1815068493150684
99.0,1121.0606603622437,28.0,2.5077853818144,795.4960220994475,142.05078125,7.246238708496094,1.2013513513513514
100.0,1132.1106805801392,28.0,0.416365887798105,805.3977608845887,142.5625,0.24782943725585938,1.1727891156462584
101.0,1143.169423341751,28.0,2.509152289935435,800.9778266850068,141.83203125,7.2501726150512695,1.2006756756756756
102.0,1154.2316102981567,28.0,0.42096927641275717,801.9788024776325,141.078125,0.2516746520996094,1.1610738255033557
103.0,1165.3063004016876,28.0,2.515482610379616,812.9250688705234,140.80859375,7.254021644592285,1.182312925170068
104.0,1176.3599100112915,28.0,0.41396305270276834,834.9919337016574,142.40625,0.2555255889892578,1.1891891891891893
105.0,1187.3952016830444,28.0,2.518049316435071,802.73969738652,141.64453125,7.257872581481934,1.1773972602739726
106.0,1198.4466240406036,28.0,0.41568540704931034,806.5623156443833,140.65234375,0.25937652587890625,1.187248322147651
107.0,1209.476592540741,28.0,2.5172206225113523,822.0527636113026,141.9765625,7.262335777282715,1.1849315068493151
108.0,1220.511432647705,28.0,0.41693736343790505,822.7551299589603,142.4375,0.2634315490722656,1.1870748299319729
109.0,1231.5754063129425,28.0,2.5194892127679474,780.3910623714872,142.015625,7.266186714172363,1.181081081081081
110.0,1242.6186475753784,28.0,0.4214155124596223,815.333864104324,141.3046875,0.26728248596191406,1.1755102040816328
111.0,1253.6552903652191,28.0,2.521452989065827,830.5898622589531,141.046875,7.270037651062012,1.1782312925170069
112.0,1264.6856482028961,28.0,0.4194229988291738,811.3732602739725,141.515625,0.2711334228515625,1.1864864864864866
113.0,1275.742083311081,28.0,2.5200815767345413,813.5544115622849,141.4453125,7.273886680603027,1.1870748299319729
114.0,1286.8049800395966,28.0,0.4198340506184808,814.6690508940853,140.96875,0.2749824523925781,1.1891156462585033
115.0,1297.8323152065277,28.0,2.521646578517101,820.3762430939227,141.9921875,7.277737617492676,1.1856164383561645
116.0,1308.8976306915283,28.0,0.42483486591950653,809.0771722717914,141.2890625,0.27883338928222656,1.1756756756756757
117.0,1319.941936969757,28.0,2.5248795103216595,799.8462680412371,142.17578125,7.281588554382324,1.1783783783783783
118.0,1330.984736442566,28.0,0.4299169150541955,798.9032187070152,141.9140625,0.28349876403808594,1.1630872483221477
119.0,1342.0190615653992,28.0,2.5233565679384937,800.0378659370724,141.734375,7.28543758392334,1.1877551020408164
120.0,1353.0818891525269,28.0,0.42829472895509363,821.1869767441862,142.09765625,0.2873497009277344,1.172530446549391
121.0,1364.1397149562836,28.0,2.5282235453628092,797.1044841815681,140.59375,7.289288520812988,1.174829931972789
122.0,1375.1688013076782,28.0,0.4299768383698127,811.9123756906077,141.03125,0.29119873046875,1.1707482993197278
123.0,1386.20934176445,28.0,2.524133131453837,789.6459340659341,141.76171875,7.293135643005371,1.1931972789115646
124.0,1397.2578852176666,28.0,0.4235508734750957,808.8674606433949,141.9140625,0.2950439453125,1.1972972972972973
125.0,1408.315365076065,28.0,2.5344336355182877,823.9839999999999,140.99609375,7.296984672546387,1.1614864864864864
126.0,1419.3607618808746,28.0,0.436213370320416,806.3335079255685,141.9765625,0.29889488220214844,1.1574324324324323
127.0,1430.3897981643677,28.0,2.5262444881225714,809.780602739726,142.02734375,7.300835609436035,1.1938775510204083
128.0,1441.4229986667633,28.0,0.42585575903810013,843.5547586206897,142.04296875,0.3027458190917969,1.1972789115646258
129.0,1452.4564232826233,28.0,2.5339267434496255,810.2592265193371,141.09375,7.3055009841918945,1.1719178082191781
130.0,1463.4861500263214,28.0,0.42823855037009806,806.7812345679013,142.01953125,0.30679893493652344,1.1931506849315068
131.0,1474.514672756195,28.0,2.5360196783821243,805.0213443072702,141.3984375,7.309351921081543,1.1687074829931974
132.0,1485.5428490638733,28.0,0.43289711518617113,810.0661157024794,141.2109375,0.3106498718261719,1.180821917808219
133.0,1496.5736379623413,28.0,2.5351365039922205,826.3774104683196,142.09765625,7.313202857971191,1.1756756756756757
134.0,1507.6083908081055,28.0,0.42845093172362847,816.227811634349,140.86328125,0.3145008087158203,1.2006756756756756
135.0,1518.6536152362823,28.0,2.5402628112862797,786.9882706766917,141.4296875,7.317051887512207,1.162162162162162
136.0,1529.6829257011414,28.0,0.43614716802337256,805.6696844993141,141.65625,0.31834983825683594,1.1775510204081632
137.0,1540.7091393470764,28.0,2.5368692335983942,792.398848526388,142.51171875,7.3209028244018555,1.1777027027027027
138.0,1551.7665235996246,28.0,0.43321425171813943,798.5547180192573,142.31640625,0.3222007751464844,1.191891891891892
139.0,1562.8239254951477,28.0,2.5355093484285187,816.3801794340925,141.1640625,7.324753761291504,1.1864864864864866
140.0,1573.853215932846,28.0,0.4403327439969564,802.7523298969072,142.26953125,0.32686614990234375,1.1719178082191781
141.0,1584.8931481838226,28.0,2.5457060747422644,815.9204941660947,142.15234375,7.3286027908325195,1.1554794520547946
142.0,1595.9554755687714,28.0,0.44039540569495217,824.514388389772,141.27734375,0.3307170867919922,1.1756756756756757
143.0,1606.9850115776062,28.0,2.5419632210538796,787.5806858710562,141.2578125,7.332453727722168,1.172108843537415
144.0,1618.0168380737305,28.0,0.44457881366487745,824.0453994490359,141.19140625,0.3345680236816406,1.1653061224489796
145.0,1629.0851476192474,28.0,2.5399765341839498,804.4889740082078,140.61328125,7.336304664611816,1.1829931972789116
146.0,1640.1408643722534,28.0,0.44836485104871643,809.9067768595041,140.7578125,0.33841705322265625,1.1564625850340136
147.0,1651.1809964179993,28.0,2.5389988555958816,806.0780137931035,141.91796875,7.340153694152832,1.1904761904761905
148.0,1662.2624459266663,28.0,0.4390442640740666,811.9482061855671,141.2578125,0.34226417541503906,1.1925675675675675
149.0,1673.293024301529,28.0,2.546348481133682,808.1845392022009,142.11328125,7.344002723693848,1.1689189189189189
150.0,1684.3321797847748,28.0,0.4447758920960845,812.3800964851827,141.52734375,0.3461151123046875,1.176510067114094
151.0,1695.3598153591156,28.0,2.537195957746973,807.7332226832642,141.515625,7.348668098449707,1.2061224489795919
152.0,1706.396856546402,28.0,0.44893210412057566,808.1695473251029,141.6796875,0.3499641418457031,1.1662162162162162
153.0,1717.4517402648926,28.0,2.550899868937124,807.3278684030157,140.76953125,7.3525190353393555,1.162162162162162
154.0,1728.515934228897,28.0,0.4430820603312932,809.175885167464,141.13671875,0.35381507873535156,1.1905405405405405
155.0,1739.5696203708649,28.0,2.548141643372669,793.3987379972566,142.6953125,7.356369972229004,1.1755102040816328
156.0,1750.6535148620605,28.0,0.4551665911260589,818.8026978664832,141.2265625,0.3576641082763672,1.1530201342281878
157.0,1761.6943802833557,28.0,2.552948267712455,825.8189300411523,141.57421875,7.3602190017700195,1.163013698630137
158.0,1772.7364559173584,28.0,0.44964037124439155,792.0729379310344,142.15234375,0.3615150451660156,1.1756756756756757
159.0,1783.7669541835785,28.0,2.5537625354504745,800.9983780068728,141.82421875,7.364069938659668,1.1641891891891891
160.0,1794.824167728424,28.0,0.4403379993454617,830.1336263736264,141.640625,0.36536598205566406,1.2129251700680272
161.0,1805.8563377857208,28.0,2.5549835221512898,810.7299037138928,142.47265625,7.367920875549316,1.1639455782312924
162.0,1816.8851795196533,28.0,0.44757414419091357,821.6448834019204,141.8671875,0.37003135681152344,1.1918367346938776
163.0,1827.9777674674988,28.0,2.5526225854703917,810.9173369938229,141.05859375,7.371769905090332,1.176
164.0,1839.012021780014,28.0,0.45065775082932374,809.5210461114934,142.2578125,0.3738822937011719,1.1850340136054422
165.0,1850.075008392334,28.0,2.5555057213893138,805.9024175824176,140.6796875,7.3756208419799805,1.1700680272108843
166.0,1861.1027326583862,28.0,0.4542037455546673,815.6279504814305,141.16015625,0.3777332305908203,1.1767123287671233
167.0,1872.1430072784424,28.0,2.5508074237371487,816.3108791208792,142.23828125,7.379469871520996,1.1904109589041096
168.0,1883.186280488968,28.0,0.4552675489994939,817.589325997249,141.046875,0.38158226013183594,1.177027027027027
169.0,1894.2500071525574,28.0,2.550218514484128,823.9302057613168,142.890625,7.383316993713379,1.1965986394557824
170.0,1905.2787055969238,28.0,0.46092552502775064,799.6985919343814,141.55859375,0.38543128967285156,1.1616438356164382
171.0,1916.3488545417786,28.0,2.5540388852012437,799.0232328767123,142.80859375,7.387167930603027,1.1871621621621622
172.0,1927.4193036556244,28.0,0.4500158191817278,793.2884557309541,141.48046875,0.38948631286621094,1.204054054054054
173.0,1938.4496338367462,28.0,2.5609575460970952,810.1307343857242,142.875,7.391629219055176,1.167808219178082
174.0,1949.5000615119934,28.0,0.4626114920907621,807.7002475928474,141.92578125,0.39333534240722656,1.1639455782312924
175.0,1960.5305240154266,28.0,2.5628489677414388,834.0726373626375,141.3046875,7.395480155944824,1.1653061224489796
176.0,1971.559302330017,28.0,0.4627630913510044,822.6657496561211,141.4921875,0.397186279296875,1.1673469387755102
177.0,1982.5935006141663,28.0,2.563011708321179,796.9628493150685,142.25,7.399331092834473,1.1687074829931974
178.0,1993.6236300468445,28.0,0.4645135597019731,813.533910652921,142.921875,0.4010353088378906,1.1653061224489796
179.0,2004.6518256664276,28.0,2.5558074021570847,807.8851958762887,141.921875,7.403180122375488,1.1979591836734693
180.0,2015.6915452480316,28.0,0.4676142421782015,784.7699182561308,142.04296875,0.40488624572753906,1.1587837837837838
181.0,2026.7207527160645,28.0,2.565518979959026,811.687729468599,141.74609375,7.407031059265137,1.1680272108843537
182.0,2037.7806243896484,28.0,0.46224579308875896,824.2339052848318,141.0,0.4087371826171875,1.181081081081081
183.0,2048.8114445209503,28.0,2.559172672595817,796.8133424470267,142.21484375,7.411290168762207,1.1946308724832215
184.0,2059.841115951538,28.0,0.4705365653429282,801.3296098562629,140.9140625,0.412994384765625,1.1571428571428573
185.0,2070.9060957431793,28.0,2.5601646943739285,793.71414500684,142.76171875,7.415139198303223,1.1952054794520548
186.0,2081.96102809906,28.0,0.46145323900585716,816.9930123796423,140.87890625,0.4169120788574219,1.192517006802721
187.0,2092.9959964752197,28.0,2.5650145599445535,781.744262295082,141.421875,7.418990135192871,1.1821917808219178
188.0,2104.0250914096832,28.0,0.46240197350315554,805.2396685082872,142.07421875,0.4207630157470703,1.1932432432432432
189.0,2115.0553443431854,28.0,2.5766661499027204,785.7848937628512,141.05078125,7.422839164733887,1.1466216216216216
190.0,2126.127448320389,28.0,0.4660404947256864,823.2162637362638,141.4140625,0.42461204528808594,1.1844594594594595
191.0,2137.1889793872833,28.0,2.564002186324529,806.635345653662,141.94921875,7.426690101623535,1.1938775510204083
192.0,2148.2343604564667,28.0,0.47121551361178327,793.3708641975309,141.76953125,0.42845916748046875,1.1705479452054794
193.0,2159.2865924835205,28.0,2.568595330452951,789.7521763085399,142.609375,7.430539131164551,1.1817567567567568
194.0,2170.340356826782,28.0,0.47057786911999705,798.591120274914,142.4453125,0.4331245422363281,1.1775510204081632
195.0,2181.4032983779907,28.0,2.5721391387389363,813.132002752925,141.41015625,7.434388160705566,1.1734693877551021
196.0,2192.4555637836456,28.0,0.4672769871422019,819.8192022008253,141.515625,0.43697547912597656,1.1931972789115646
197.0,2203.504338979721,28.0,2.5684159799350716,789.2409327846365,141.04296875,7.438239097595215,1.1905405405405405
198.0,2214.5332956314087,28.0,0.46729675455100683,792.9587903780069,141.703125,0.440826416015625,1.1972789115646258
199.0,2225.561870574951,28.0,2.5703297843613426,806.396361130255,141.15234375,7.442090034484863,1.1878378378378378
200.0,2236.593371152878,28.0,0.4750741664984225,813.4626373626373,142.40625,0.4446754455566406,1.173972602739726
201.0,2247.622720718384,28.0,2.5771935539805897,798.6744429160935,142.1171875,7.445939064025879,1.1680272108843537
202.0,2258.651794195175,28.0,0.4787654022627258,809.4673597811218,142.25390625,0.44852638244628906,1.1653061224489796
203.0,2269.683324813843,28.0,2.5682869438065348,806.8162406015038,140.671875,7.449790000915527,1.2034013605442178
204.0,2280.723534822464,28.0,0.4726624556636645,822.2728827586208,141.63671875,0.4523773193359375,1.1904761904761905
205.0,2291.7564334869385,28.0,2.5849139170588047,803.715397260274,141.51953125,7.454455375671387,1.1506756756756757
206.0,2302.788088083267,28.0,0.4853432115130743,803.3255570839066,141.12109375,0.4562263488769531,1.1510204081632653
207.0,2313.831465482712,28.0,2.5765661595793903,822.8759284731774,141.671875,7.458306312561035,1.1829931972789116
208.0,2324.8915691375732,28.0,0.46891977542816937,805.7944903581267,141.8671875,0.46007728576660156,1.2123287671232876
209.0,2335.9779064655304,28.0,2.5734944045866097,815.6938556701031,141.90625,7.462157249450684,1.197972972972973
210.0,2347.0426194667816,28.0,0.4835971656624803,785.6461664392906,141.60546875,0.46392822265625,1.164625850340136
211.0,2358.076182126999,28.0,2.5821626046976958,810.252568306011,141.49609375,7.466006278991699,1.1716216216216215
212.0,2369.1200292110443,28.0,0.4769202851931374,812.6178781656399,141.08203125,0.4677772521972656,1.1917808219178083
213.0,2380.1582918167114,28.0,2.5782519213244304,815.2048153214774,141.58203125,7.469857215881348,1.1892617449664429
214.0,2391.1881318092346,28.0,0.47595933620885555,823.6217980636238,141.34375,0.47162628173828125,1.1993243243243243
215.0,2402.233243703842,28.0,2.5790752469579594,827.8854158075601,142.0546875,7.4737043380737305,1.1904109589041096
216.0,2413.2792615890503,28.0,0.48173760929865567,823.6418732782369,141.1796875,0.4762897491455078,1.1837837837837837
217.0,2424.3623917102814,28.0,2.586080595705378,801.0817582417582,141.953125,7.477553367614746,1.1700680272108843
218.0,2435.391587972641,28.0,0.4811850500546585,812.4788988300068,141.9296875,0.48014068603515625,1.189795918367347
219.0,2446.437800168991,28.0,2.5827256306205935,810.3700616860863,141.21484375,7.4814043045043945,1.1857142857142857
220.0,2457.4986865520477,28.0,0.47799583017851466,800.416,140.86328125,0.4839916229248047,1.2054054054054053
221.0,2468.543527841568,28.0,2.5815678879067145,821.6117099863201,141.8125,7.485255241394043,1.1938775510204083
222.0,2479.5802884101868,28.0,0.48644121116474,811.0560109664153,142.47265625,0.4878406524658203,1.1794520547945206
223.0,2490.612137079239,28.0,2.5852248628321557,806.5676137931035,142.3359375,7.489104270935059,1.1850340136054422
224.0,2501.6990337371826,28.0,0.48388429615053624,817.3595616438357,141.4140625,0.49169158935546875,1.192517006802721
225.0,2512.7276356220245,28.0,2.5819850091558716,802.7470684931507,141.87890625,7.492955207824707,1.2006802721088434
226.0,2523.780371427536,28.0,0.49207459446768637,816.0038567493112,141.05078125,0.4955425262451172,1.1680272108843537
227.0,2534.811368227005,28.0,2.5877871282063865,795.6059259259259,141.5390625,7.497620582580566,1.1850340136054422
228.0,2545.842081785202,28.0,0.4939589794284597,801.7245541838134,142.1171875,0.4993915557861328,1.1655405405405406
229.0,2556.9099094867706,28.0,2.5821182757677765,822.74911095796,141.34765625,7.501471519470215,1.2094594594594594
230.0,2567.974595785141,28.0,0.4846969547016625,807.9327185134206,140.9921875,0.5032424926757812,1.2020408163265306
231.0,2579.058758497238,28.0,2.5933694845961246,789.3394222833563,142.4765625,7.505322456359863,1.1736486486486486
232.0,2590.116608142853,28.0,0.49834857447058845,830.5517948717949,141.50390625,0.5070934295654297,1.1585034013605442
233.0,2601.189350605011,28.0,2.5902794602226162,789.4338630136987,143.0390625,7.509166717529297,1.1884353741496598
234.0,2612.2189016342163,28.0,0.5046489184799912,813.5098342541436,142.09765625,0.5109405517578125,1.1414965986394559
235.0,2623.2483339309692,28.0,2.5908584052244445,797.1346648426812,142.17578125,7.51301383972168,1.1904761904761905
236.0,2634.3115577697754,28.0,0.49387053776541767,821.6866620784584,140.734375,0.5147914886474609,1.1817567567567568
237.0,2645.3413319587708,28.0,2.6007638521406906,792.3324760601915,141.67578125,7.516864776611328,1.1602739726027398
238.0,2656.3703186511993,28.0,0.4953330578970197,826.6550276243095,142.1796875,0.5194568634033203,1.1815068493150684
239.0,2667.4223449230194,28.0,2.5989671057336294,803.6002734107998,142.30859375,7.520713806152344,1.1702702702702703
240.0,2678.459062576294,28.0,0.4956837855586089,793.3852084757348,142.36328125,0.5233078002929688,1.1843537414965986
241.0,2689.5301060676575,28.0,2.5977771821927416,794.1070515463917,141.5703125,7.524564743041992,1.1783783783783783
242.0,2700.584901571274,28.0,0.5009543061662433,830.9298830006883,141.73828125,0.5271587371826172,1.1700680272108843
243.0,2711.672714471817,28.0,2.599317563319928,813.7016290212184,141.16796875,7.528413772583008,1.177027027027027
244.0,2722.7155780792236,28.0,0.4972138757927789,825.3708587257618,141.546875,0.5310077667236328,1.1870748299319729
245.0,2733.7623431682587,28.0,2.6020987259502797,791.8812337217272,142.1796875,7.532264709472656,1.1714285714285715
246.0,2744.81765127182,28.0,0.49683656356192113,798.6005216197666,142.140625,0.5348587036132812,1.192517006802721
247.0,2755.8873946666718,28.0,2.6037872592002436,796.1910382513661,142.34375,7.536115646362305,1.1695945945945947
248.0,2766.9189534187317,28.0,0.4974127916626506,824.0296783025325,141.79296875,0.5387096405029297,1.1945578231292517
249.0,2777.9813532829285,28.0,2.6073217907080917,819.868124567474,141.4765625,7.540781021118164,1.1623287671232876
250.0,2789.0274662971497,28.0,0.5126858022328321,810.794074074074,140.82421875,0.5425586700439453,1.1462585034013606
251.0,2800.0733513832092,28.0,2.598617053660907,799.3230344827587,142.28125,7.5446319580078125,1.1966216216216217
252.0,2811.1365084648132,28.0,0.49896714127044345,817.7861697722568,142.12890625,0.5464096069335938,1.1972602739726028
253.0,2822.1822912693024,28.0,2.5969494603834007,816.9168849069606,141.7578125,7.548482894897461,1.2068027210884353
254.0,2833.2304503917694,28.0,0.5136449311719495,812.4171231933931,142.1953125,0.5502548217773438,1.1506849315068493
255.0,2844.261085510254,28.0,2.6033944850412722,823.651816920943,141.45703125,7.552328109741211,1.1878378378378378
256.0,2855.3451981544495,28.0,0.5029588972619766,803.4221551132465,142.12890625,0.5541057586669922,1.191275167785235
257.0,2866.4077360630035,28.0,2.6028471561645756,816.8241924398625,141.671875,7.556179046630859,1.1938775510204083
258.0,2877.442466020584,28.0,0.510205775741987,790.5448351648351,141.78125,0.5579566955566406,1.1700680272108843
259.0,2888.5058817863464,28.0,2.6118133689718825,795.4496919917864,141.88671875,7.56043815612793,1.1671140939597315
260.0,2899.546775817871,28.0,0.5061909546081673,829.1045161290322,141.12890625,0.5622138977050781,1.1884353741496598
261.0,2910.608411550522,28.0,2.615710798817672,810.9893922651933,142.42578125,7.564287185668945,1.1578231292517007
262.0,2921.637502670288,28.0,0.5130332769452998,810.4541046831956,141.12109375,0.5660648345947266,1.1687074829931974
263.0,2932.678352832794,28.0,2.611815531847153,815.8253333333332,142.1640625,7.568138122558594,1.175
264.0,2943.709079027176,28.0,0.515781611142981,816.2792049348869,142.40625,0.569915771484375,1.163265306122449
265.0,2954.7715106010437,28.0,2.611955216576027,801.6201375515818,142.484375,7.571987152099609,1.1785234899328858
266.0,2965.8205423355103,28.0,0.5125670137820645,839.69704011065,141.34765625,0.5737648010253906,1.1782312925170069
267.0,2976.851464986801,28.0,2.6132336428896257,821.4395625427205,142.07421875,7.575838088989258,1.178082191780822
268.0,2987.916097164154,28.0,0.5079421405077297,829.0135168616656,141.94921875,0.5776157379150391,1.198639455782313
269.0,2998.946033716202,28.0,2.6102801928838457,808.977765592872,142.59765625,7.579689025878906,1.192517006802721
270.0,3010.0088546276093,28.0,0.5153047801206112,811.0410951403148,142.4296875,0.5820789337158203,1.1773972602739726
271.0,3021.040652990341,28.0,2.612245469040687,812.4340659340659,142.15625,7.583744049072266,1.1898648648648649
272.0,3032.0940573215485,28.0,0.5185932597471863,788.1219986310746,142.84375,0.5859298706054688,1.1700680272108843
273.0,3043.1254830360413,28.0,2.614550834783185,821.9729281767956,141.42578125,7.587594985961914,1.1858108108108107
274.0,3054.1603498458862,28.0,0.5217389729872205,830.90552957359,141.96875,0.5897808074951172,1.163265306122449
275.0,3065.212735891342,28.0,2.616701912911118,823.4085812200137,141.546875,7.591442108154297,1.182312925170068
276.0,3076.255185365677,28.0,0.5213610595354786,807.1387140902873,141.99609375,0.5936260223388672,1.1684931506849314
277.0,3087.3135027885437,28.0,2.614586296029882,813.3459862068966,140.78125,7.5952911376953125,1.1938775510204083
278.0,3098.3450837135315,28.0,0.5156305347399347,819.4996024674434,142.046875,0.5974769592285156,1.1924657534246574
279.0,3109.3931591510773,28.0,2.6215638426648797,810.7887277701777,141.84765625,7.599142074584961,1.1734693877551021
280.0,3120.4521484375,28.0,0.5278676022981335,793.4605777166437,141.734375,0.6013278961181641,1.1543624161073827
281.0,3131.498552799225,28.0,2.624478697339826,842.6270718232043,141.796875,7.6038055419921875,1.1682432432432432
282.0,3142.5624980926514,28.0,0.5204037249354505,807.5129718599862,141.9296875,0.6051731109619141,1.1837837837837837
283.0,3153.6046934127808,28.0,2.619420404670229,803.0008522336769,142.265625,7.60765266418457,1.1898648648648649
284.0,3164.6654448509216,28.0,0.5213924239157318,806.6597943797123,142.5546875,0.6090202331542969,1.1843537414965986
285.0,3175.6970624923706,28.0,2.626004897713143,801.2493406593408,142.61328125,7.611499786376953,1.170945945945946
286.0,3186.7466707229614,28.0,0.5181466990564114,803.9271724137931,141.96875,0.6128673553466797,1.2
287.0,3197.783803462982,28.0,2.624229248065113,814.1990391214825,141.375,7.615345001220703,1.181081081081081
288.0,3208.8142499923706,28.0,0.5242853662569269,819.8806035665294,141.29296875,0.6167125701904297,1.182312925170068
289.0,3219.8603324890137,28.0,2.6252281862152924,804.921507882111,141.36328125,7.619192123413086,1.1816326530612244
290.0,3230.944670677185,28.0,0.5256327824339376,827.8057931034482,141.125,0.6205596923828125,1.1816326530612244
291.0,3241.986974000931,28.0,2.627855500168387,816.4879175257732,140.80859375,7.623039245605469,1.176510067114094
292.0,3253.0156166553497,28.0,0.5264212034211444,809.0542344827586,141.2265625,0.6252212524414062,1.1837837837837837
293.0,3264.0464572906494,28.0,2.629246623680178,823.0950927835052,141.16015625,7.626884460449219,1.1756756756756757
294.0,3275.133882522583,28.0,0.5277951546846915,820.3577379310344,141.74609375,0.6290683746337891,1.1829931972789116
295.0,3286.1670458316803,28.0,2.6286528226846118,808.2615785861359,141.48828125,7.630731582641602,1.1817567567567568
296.0,3297.2247490882874,28.0,0.5336151373181306,824.6578263841421,141.21484375,0.6329116821289062,1.1668918918918918
297.0,3308.29207777977,28.0,2.6267716000047385,795.3481886534518,141.41796875,7.634578704833984,1.1924657534246574
298.0,3319.322058916092,28.0,0.5307263629868307,799.2093535075653,142.4609375,0.6367568969726562,1.180821917808219
299.0,3330.3819925785065,28.0,2.636193228214109,827.0830261348004,140.7890625,7.638423919677734,1.163758389261745
300.0,3341.4128382205963,28.0,0.5392118353201574,829.9628571428573,142.1015625,0.6406040191650391,1.15578231292517
301.0,3352.4397752285004,28.0,2.638575777434584,828.8519724137931,142.171875,7.642271041870117,1.1595890410958904
302.0,3363.4696481227875,28.0,0.536746330903488,816.6074725274725,141.18359375,0.6444511413574219,1.1680272108843537
303.0,3374.528608083725,28.0,2.6397444099921596,809.4772016460904,140.91796875,7.646932601928711,1.1604026845637583
304.0,3385.5729689598083,28.0,0.5291496072374826,821.3455845942228,141.7421875,0.6482963562011719,1.198639455782313
305.0,3396.605191707611,28.0,2.6396482215180317,800.3197800687285,141.55078125,7.650779724121094,1.164625850340136
306.0,3407.6348683834076,28.0,0.5411807434475393,809.1539327385037,142.0859375,0.6521434783935547,1.1608108108108108
307.0,3418.7112340927124,28.0,2.6367894334430297,818.5862097326936,141.33984375,7.654626846313477,1.1783783783783783
308.0,3429.7423300743103,28.0,0.5343478831716078,800.4743607463718,142.56640625,0.6559906005859375,1.1883561643835616
309.0,3440.772582769394,28.0,2.635812617348292,816.0062853204687,142.16796875,7.658473968505859,1.1858108108108107
310.0,3451.8390502929688,28.0,0.5356486605754617,815.7762637362637,141.66796875,0.6598377227783203,1.1878378378378378
311.0,3462.896486759186,28.0,2.646964176522827,790.1036874571624,142.3984375,7.662321090698242,1.1517006802721088
312.0,3473.925355911255,28.0,0.539667613287177,799.6591541609822,140.6640625,0.6636848449707031,1.1778523489932886
313.0,3484.982702732086,28.0,2.646799797687329,815.8272614962252,141.3046875,7.666168212890625,1.156081081081081
314.0,3496.0704050064087,28.0,0.5403662607604374,805.1625496915696,141.03515625,0.6683464050292969,1.1802721088435375
315.0,3507.1029279232025,28.0,2.6335989093978065,815.4015384615384,141.1796875,7.670013427734375,1.2061224489795919
316.0,3518.1366815567017,28.0,0.5425020882996296,798.1662551440329,141.03125,0.6721935272216797,1.1768707482993197
317.0,3529.2068552970886,28.0,2.6358835013946726,808.6980123372174,141.3671875,7.673858642578125,1.202027027027027
318.0,3540.245675802231,28.0,0.5384357763525941,806.221137765593,141.609375,0.6760368347167969,1.1952054794520548
319.0,3551.297874212265,28.0,2.6391082547554983,795.6412388162422,141.91015625,7.677701950073242,1.1945945945945946
320.0,3562.3362855911255,28.0,0.5473764450950201,803.5401375515818,141.8125,0.6798820495605469,1.1680272108843537
321.0,3573.377531528473,28.0,2.6431534368565734,815.0603139931741,141.5625,7.681549072265625,1.1843537414965986
322.0,3584.4099686145782,28.0,0.5457619050171842,795.6382417582417,142.09765625,0.6837291717529297,1.1775510204081632
323.0,3595.438452720642,28.0,2.640464878016738,832.9237964236588,142.69140625,7.685396194458008,1.1979452054794522
324.0,3606.4685504436493,28.0,0.5531049208025405,813.2760601915186,142.09375,0.6875762939453125,1.1564625850340136
325.0,3617.4994583129883,28.0,2.650032120888954,808.9355203308063,141.19921875,7.690057754516602,1.1693877551020408
326.0,3628.557423353195,28.0,0.5457056244238935,798.5238461538462,141.48828125,0.6914215087890625,1.1858108108108107
327.0,3639.6188774108887,28.0,2.644558407179935,820.278951724138,142.1015625,7.693904876708984,1.1924657534246574
328.0,3650.6500437259674,28.0,0.5512471935725486,837.092303448276,141.3671875,0.6952686309814453,1.1705479452054794
329.0,3661.6819865703583,28.0,2.6419197629064253,803.5861803165864,142.046875,7.697751998901367,1.2061224489795919
330.0,3672.7125177383423,28.0,0.5510111351943716,812.1472702331962,141.96875,0.6991138458251953,1.1753424657534246
331.0,3683.772568464279,28.0,2.654818531567826,814.2937370956641,141.5859375,7.701597213745117,1.164864864864865
332.0,3694.8235552310944,28.0,0.5463092131970962,807.5620413793104,140.84765625,0.7029609680175781,1.195945945945946
333.0,3705.8672046661377,28.0,2.653457901565253,808.587326460481,141.3046875,7.7054443359375,1.1734693877551021
334.0,3716.939619779587,28.0,0.5565856712963392,808.3608464163822,141.03125,0.7068080902099609,1.1641891891891891
335.0,3727.9695432186127,28.0,2.653682479891257,804.5956164383562,142.68359375,7.709495544433594,1.1768707482993197
336.0,3739.0592284202576,28.0,0.5489870489233276,804.5514893617021,141.66796875,0.7112674713134766,1.1952702702702702
337.0,3750.087596654892,28.0,2.65172264259861,822.2142222222222,141.58984375,7.713344573974609,1.1877551020408164
338.0,3761.1406667232513,28.0,0.5609610175599338,810.7869793103449,142.265625,0.715118408203125,1.1578231292517007
339.0,3772.216020822525,28.0,2.6503889914523926,822.1120661157025,141.3125,7.717190742492676,1.1965986394557824
340.0,3783.3019020557404,28.0,0.5607458220409146,837.9033723331039,141.69140625,0.718968391418457,1.1624161073825503
341.0,3794.3933804035187,28.0,2.6580846012280297,812.5948633879782,141.03515625,7.721039772033691,1.1736486486486486
342.0,3805.4621007442474,28.0,0.557984577625328,802.983840330351,141.31640625,0.7228174209594727,1.1758389261744966
343.0,3816.4917171001434,28.0,2.6608163666849465,805.9053140096619,141.53515625,7.72489070892334,1.1682432432432432
344.0,3827.5240213871,28.0,0.5630093549053308,803.3422833562586,143.0546875,0.7266683578491211,1.1625850340136055
345.0,3838.587681055069,28.0,2.655543846077068,801.7176180698152,141.25,7.728741645812988,1.1906040268456375
346.0,3849.6280710697174,28.0,0.560967308103594,803.5421521590131,141.46875,0.7311315536499023,1.1741496598639456
347.0,3860.6827051639557,28.0,2.666264134060706,819.9066207845837,141.78515625,7.732796669006348,1.1578231292517007
348.0,3871.724319934845,28.0,0.5657084468398728,814.3749689869056,141.6796875,0.7349824905395508,1.161904761904762
349.0,3882.790282011032,28.0,2.6629558827986832,825.3269289164942,141.75390625,7.736647605895996,1.172972972972973
350.0,3893.8665289878845,28.0,0.5665909568731125,811.1075360329444,141.18359375,0.7388334274291992,1.162837837837838
351.0,3904.9286913871765,28.0,2.664219535689248,827.5878586278587,141.48046875,7.7404985427856445,1.1726027397260275
352.0,3915.9751076698303,28.0,0.565362505227275,813.0043956043955,141.3203125,0.7426824569702148,1.170945945945946
353.0,3927.022711753845,28.0,2.6704334081698278,808.2388437715073,141.8359375,7.74434757232666,1.1554794520547946
354.0,3938.0795097351074,28.0,0.5763277953039114,802.5290322580645,142.15234375,0.7465333938598633,1.138255033557047
355.0,3949.125690460205,28.0,2.666877414627498,798.7959862542955,142.03125,7.748198509216309,1.1714285714285715
356.0,3960.1865661144257,28.0,0.5641595360726732,801.7407560137457,142.28125,0.7503824234008789,1.183108108108108
357.0,3971.23605966568,28.0,2.665517866709819,801.6978448867537,142.71484375,7.752860069274902,1.180952380952381
358.0,3982.2681756019592,28.0,0.5667702462182527,780.8906010928962,140.76953125,0.7542295455932617,1.178082191780822
359.0,3993.3406071662903,28.0,2.6643135554369555,808.8336842105264,140.87109375,7.756711006164551,1.1892617449664429
360.0,4004.3919711112976,28.0,0.5643757872651524,826.0100069108499,140.94140625,0.7580804824829102,1.1904761904761905
361.0,4015.4488842487335,28.0,2.670191069963099,798.8009836065575,141.87890625,7.760561943054199,1.1727891156462584
362.0,4026.479631662369,28.0,0.5668824894476574,803.9185714285715,141.8671875,0.7619314193725586,1.1857142857142857
363.0,4037.5435190200806,28.0,2.6662419443688927,808.031206064783,141.296875,7.764410972595215,1.1906058543226685
364.0,4048.6040008068085,28.0,0.5610485344905312,809.7355555555556,140.79296875,0.7657804489135742,1.2108108108108109
365.0,4059.6615521907806,28.0,2.6695519982275995,820.5990902825638,141.9765625,7.768261909484863,1.1829931972789116
366.0,4070.693789958954,28.0,0.5625469352069302,815.4875171467763,142.125,0.7696313858032227,1.2095238095238094
367.0,4081.7225828170776,28.0,2.6714588795407663,792.2568131868131,141.65234375,7.772112846374512,1.1804054054054054
368.0,4092.769344329834,28.0,0.5749022306834187,824.1025584594222,141.10546875,0.774296760559082,1.1707482993197278
369.0,4103.828662633896,28.0,2.668594430877979,814.6085812200138,141.16015625,7.775961875915527,1.1945578231292517
370.0,4114.859719514847,28.0,0.5748705702485045,817.7959228650138,141.46484375,0.7781476974487305,1.174829931972789
371.0,4125.907609462738,28.0,2.6703090297623557,816.442052704577,140.953125,7.779812812805176,1.1925675675675675
372.0,4136.936248540878,28.0,0.5726845905287938,812.8175086028906,141.0234375,0.7819986343383789,1.1864864864864866
373.0,4147.976417303085,28.0,2.6665732855930546,827.1912767425811,140.921875,7.783663749694824,1.2102040816326531
374.0,4159.038700580597,28.0,0.580494774215437,817.1804272915232,140.95703125,0.7858476638793945,1.1635135135135135
375.0,4170.122851848602,28.0,2.675686536813879,802.2828571428571,141.98828125,7.78751277923584,1.1817567567567568
376.0,4181.165939569473,28.0,0.5706266993882757,815.2393947730399,141.8515625,0.7896966934204102,1.2020408163265306
377.0,4192.231927871704,28.0,2.679630114308726,804.9131147540983,141.15625,7.791359901428223,1.172108843537415
378.0,4203.264013051987,28.0,0.5752470247188048,825.6835068493151,141.00390625,0.7935457229614258,1.1896551724137931
379.0,4214.292985677719,28.0,2.672520013880816,816.4784668035592,141.94140625,7.796023368835449,1.202054794520548
380.0,4225.323916912079,28.0,0.5708757177819193,812.0223076923077,142.3828125,0.7973947525024414,1.2095238095238094
381.0,4236.3674993515015,28.0,2.679031387616212,828.1543878954608,142.40234375,7.799874305725098,1.1829931972789116
382.0,4247.396081209183,28.0,0.5796502921482732,814.706235375086,140.609375,0.8012456893920898,1.182312925170068
383.0,4258.457489490509,28.0,2.6807772869836137,801.9980192572215,142.72265625,7.803725242614746,1.180952380952381
384.0,4269.543483257294,28.0,0.5798046879763291,818.839643591501,140.94140625,0.8050966262817383,1.1858108108108107
385.0,4280.601590156555,28.0,2.68095503259995,827.5451882272415,142.1328125,7.8075761795043945,1.1843537414965986
386.0,4291.668584823608,28.0,0.584564959936182,798.9492602739726,141.2421875,0.8089475631713867,1.1732876712328768
387.0,4302.698140144348,28.0,2.681702058064584,803.2188941979522,142.25,7.811427116394043,1.1858108108108107
388.0,4313.763833999634,28.0,0.5821462707361413,806.0521070693205,141.00390625,0.8127985000610352,1.1857142857142857
389.0,4324.833508968353,28.0,2.6851771719888595,816.7568044077134,141.92578125,7.815278053283691,1.1777027027027027
390.0,4335.863157987595,28.0,0.575363057993051,798.2969010238908,142.45703125,0.8174638748168945,1.2151724137931035
391.0,4346.909740924835,28.0,2.6908720508468824,826.8329670329671,141.64453125,7.819127082824707,1.162162162162162
392.0,4357.983150959015,28.0,0.5864851581367293,826.2445116918844,141.21875,0.821314811706543,1.1794520547945206
393.0,4369.027984857559,28.0,2.688369507455884,809.4692508591064,141.99609375,7.8229780197143555,1.1746575342465753
394.0,4380.057492494583,28.0,0.5919598572773588,821.8221369863013,141.078125,0.8251657485961914,1.164625850340136
395.0,4391.090640544891,28.0,2.687744762711253,824.9328384879725,141.421875,7.826827049255371,1.180821917808219
396.0,4402.141110420227,28.0,0.582609379658383,824.2865013774106,141.546875,0.829014778137207,1.2013605442176871
397.0,4413.19854426384,28.0,2.686948441126501,822.5331862068966,141.05859375,7.830676078796387,1.1876712328767123
398.0,4424.241551399231,28.0,0.5818943434387132,810.5460631001371,141.25390625,0.8328619003295898,1.2081632653061225
399.0,4435.27259850502,28.0,2.695521365603372,808.571002073255,142.28125,7.834525108337402,1.1620689655172414
400.0,4446.304518222809,28.0,0.5889490034919537,817.5852137931034,142.203125,0.8367109298706055,1.186986301369863
401.0,4457.353703022003,28.0,2.6858576568193935,816.5559972583961,140.87890625,7.839190483093262,1.2006756756756756
402.0,4468.4080119133,28.0,0.5857041010489175,813.9417980636239,140.60546875,0.8405599594116211,1.202721088435374
403.0,4479.439992904663,28.0,2.6920268202406867,797.0330864197531,141.8828125,7.84304141998291,1.1828767123287671
404.0,4490.4892654418945,28.0,0.593179692048693,806.655293305728,142.12890625,0.8444108963012695,1.1802721088435375
405.0,4501.545349597931,28.0,2.6893061647959926,806.6968115942028,140.90625,7.846892356872559,1.1965986394557824
406.0,4512.577984571457,28.0,0.6002997847728587,822.656792842395,140.71484375,0.8482599258422852,1.1598639455782314
407.0,4523.623991250992,28.0,2.6880032973813544,810.6393943565038,141.69921875,7.850741386413574,1.2054421768707484
408.0,4534.656851053238,28.0,0.5970614968604093,795.9030170648465,142.421875,0.8521108627319336,1.174829931972789
409.0,4545.7160387039185,28.0,2.701716268860133,813.5354945054946,141.55078125,7.854592323303223,1.1614864864864864
410.0,4556.762114524841,28.0,0.5987519132490909,813.326126126126,142.1171875,0.855961799621582,1.172972972972973
411.0,4567.7997369766235,28.0,2.7006069603469403,810.1057923497267,141.53515625,7.858647346496582,1.1693877551020408
412.0,4578.848840236664,28.0,0.5958498243379162,793.8350752393981,142.61328125,0.8604230880737305,1.1877551020408164
413.0,4589.879809617996,28.0,2.699735212971118,803.5739226519336,142.2578125,7.862496376037598,1.1763513513513513
414.0,4600.929839849472,28.0,0.5967933121084168,802.5736798905608,141.43359375,0.8642740249633789,1.1885135135135134
415.0,4611.9902555942535,28.0,2.692689150604686,795.4940095956134,141.82421875,7.866347312927246,1.2054421768707484
416.0,4623.021187782288,28.0,0.6105566413689548,831.5324861878454,140.84765625,0.8681249618530273,1.145578231292517
417.0,4634.058161020279,28.0,2.7011561268397006,788.0262637362638,142.26953125,7.870196342468262,1.1794520547945206
418.0,4645.105686664581,28.0,0.6094447196037709,822.9878812974466,141.47265625,0.871973991394043,1.153061224489796
419.0,4656.1515855789185,28.0,2.700132597531071,796.9003427004798,141.90625,7.87404727935791,1.1870748299319729
420.0,4667.219210863113,28.0,0.599870486324747,818.1366712517195,141.4296875,0.8758211135864258,1.1898648648648649
421.0,4678.2989819049835,28.0,2.702631390627584,840.4858321870702,141.91796875,7.877896308898926,1.182312925170068
422.0,4689.325795412064,28.0,0.6073576610750191,833.0645816186557,140.6328125,0.880284309387207,1.1684931506849314
423.0,4700.35671377182,28.0,2.707796883372997,813.3372771250864,141.4140625,7.881951332092285,1.1687074829931974
424.0,4711.389842510223,28.0,0.5968961758098298,814.8121978021978,142.5546875,0.8841352462768555,1.2095238095238094
425.0,4722.440940856934,28.0,2.703247539943576,807.379257221458,141.98828125,7.885802268981934,1.1885135135135134
426.0,4733.501731872559,28.0,0.5989954082334678,833.7304886441844,141.44140625,0.8879861831665039,1.2060810810810811
427.0,4744.55069565773,28.0,2.710330812874761,819.2607692307693,141.23046875,7.889736175537109,1.1680272108843537
428.0,4755.5820944309235,28.0,0.6131672588339435,801.8576438356165,142.57421875,0.8918352127075195,1.1605442176870748
429.0,4766.6323001384735,28.0,2.713414956289586,804.3551165980796,141.94921875,7.893585205078125,1.1614864864864864
430.0,4777.663304567337,28.0,0.6091074043171758,814.5365127498277,141.546875,0.895686149597168,1.1783783783783783
431.0,4788.694741487503,28.0,2.715858584270001,819.867912087912,141.88671875,7.897436141967773,1.1571428571428573
432.0,4799.741989850998,28.0,0.5998575873056045,802.6764334705076,142.00390625,0.8995370864868164,1.2156462585034014
433.0,4810.803142786026,28.0,2.716131745547531,792.7344604810996,141.59765625,7.902101516723633,1.1609589041095891
434.0,4821.834126710892,28.0,0.6122413122587711,817.9327560137457,142.2109375,0.903386116027832,1.1755102040816328
435.0,4832.910241603851,28.0,2.70967406187414,822.6308287292818,141.39453125,7.905952453613281,1.1871621621621622
436.0,4843.9685826301575,28.0,0.6161164778209756,796.4336231884058,141.91015625,0.9072370529174805,1.1662162162162162
437.0,4855.035546064377,28.0,2.717152941319678,801.0442975206612,141.8828125,7.90980339050293,1.1653061224489796
438.0,4866.0850348472595,28.0,0.6137702480305154,813.4589140893471,141.62890625,0.9110879898071289,1.1782312925170069
439.0,4877.113520860672,28.0,2.7135613034852017,804.8056005490733,142.37109375,7.913652420043945,1.1816326530612244
440.0,4888.145624876022,28.0,0.6212266619511354,813.8200686341798,141.76171875,0.9149370193481445,1.1567567567567567
441.0,4899.204244375229,28.0,2.7221927539717465,833.798734525447,141.421875,7.917497634887695,1.156081081081081
442.0,4910.25377702713,28.0,0.6217408436047271,812.6781056966369,141.67578125,0.9187841415405273,1.158904109589041
443.0,4921.3129868507385,28.0,2.717829705487145,816.524432132964,141.65234375,7.921346664428711,1.174829931972789
444.0,4932.360140800476,28.0,0.62038655036508,800.2907290233837,141.375,0.9234495162963867,1.1682432432432432
445.0,4943.391371250153,28.0,2.717261927847214,804.9946868547831,141.30859375,7.925195693969727,1.180821917808219
446.0,4954.42657661438,28.0,0.6138124425883967,830.403875432526,140.65234375,0.9273004531860352,1.1952054794520548
447.0,4965.51878786087,28.0,2.714328648848008,816.890034270048,141.1484375,7.929046630859375,1.1952380952380952
448.0,4976.56217622757,28.0,0.6157192882126837,825.1958299039779,141.5390625,0.9311513900756836,1.192517006802721
449.0,4987.610258579254,28.0,2.7189099431000274,821.6089072164948,141.8984375,7.932897567749023,1.183108108108108
450.0,4998.660121917725,28.0,0.626442761719031,814.9798215511325,141.06640625,0.9350004196166992,1.1594594594594594
451.0,5009.72087430954,28.0,2.719520186301238,816.9388637919234,141.17578125,7.936746597290039,1.1850340136054422
452.0,5020.75180721283,28.0,0.6246667609695651,805.5556956819739,142.09765625,0.9388513565063477,1.1693877551020408
453.0,5031.833805561066,28.0,2.721390695097169,786.7377899794097,141.796875,7.9405975341796875,1.1825503355704698
454.0,5042.872783899307,28.0,0.6274247942436947,796.6029508196721,141.97265625,0.9427022933959961,1.1639455782312924
455.0,5053.934868335724,28.0,2.7231646049226192,819.2859340659342,141.79296875,7.945262908935547,1.1812080536912752
456.0,5064.968517780304,28.0,0.6257969766710946,813.0657458563537,141.46875,0.9467554092407227,1.1736486486486486
457.0,5076.0239288806915,28.0,2.725577425922374,793.0690859106529,141.50390625,7.949113845825195,1.1768707482993197
458.0,5087.073740243912,28.0,0.6234606941423979,797.1945567010309,141.6484375,0.9506063461303711,1.1858108108108107
459.0,5098.149783611298,28.0,2.721316962576298,806.1161681598896,141.15625,7.952964782714844,1.1959183673469387
460.0,5109.237335443497,28.0,0.6277159964332858,798.0678620689655,142.08203125,0.9544534683227539,1.175
461.0,5120.28328704834,28.0,2.728868089989606,805.5062182566918,141.625,7.956813812255859,1.1734693877551021
462.0,5131.312508106232,28.0,0.6302495343492623,800.7450516173435,141.31640625,0.9583024978637695,1.1702702702702703
463.0,5142.34250998497,28.0,2.7241972118731566,814.4746887966805,140.9453125,7.960664749145508,1.1938775510204083
464.0,5153.375058889389,28.0,0.6294822098078701,805.6145454545455,142.140625,0.962153434753418,1.1768707482993197
465.0,5164.4577379226685,28.0,2.7298060933907933,797.758353909465,141.08984375,7.964515686035156,1.1782312925170069
466.0,5175.515905618668,28.0,0.6327994900839403,797.9271477663231,142.48828125,0.9668188095092773,1.1702702702702703
467.0,5186.546630382538,28.0,2.7280301814399475,826.1042491349482,142.515625,7.968364715576172,1.1884353741496598
468.0,5197.580783367157,28.0,0.6322346418579164,815.490227429359,141.34375,0.9706697463989258,1.1761904761904762
469.0,5208.667249679565,28.0,2.733048172656409,790.871288766368,141.83203125,7.97221565246582,1.175
470.0,5219.722168684006,28.0,0.627963419755696,823.8048132780083,142.23046875,0.9745206832885742,1.1952380952380952
471.0,5230.795133829117,28.0,2.7230246140817607,826.3520438957477,141.15234375,7.976064682006836,1.2148648648648648
472.0,5241.868239402771,28.0,0.6281804286661548,791.7477133105801,140.78515625,0.9783697128295898,1.1986577181208053
473.0,5252.913544893265,28.0,2.728449551889663,820.5065747760166,141.1015625,7.979915618896484,1.1993197278911565
474.0,5263.942375421524,28.0,0.6270544964404443,811.0416540317023,142.82421875,0.9822206497192383,1.2068493150684931
475.0,5275.004157781601,28.0,2.7361104319393634,809.0060606060606,143.10546875,7.983766555786133,1.1763513513513513
476.0,5286.041000843048,28.0,0.6381805988948402,822.6882653766413,141.0703125,0.9860715866088867,1.1716216216216215
477.0,5297.078776359558,28.0,2.729870814685407,794.1033448038542,141.91796875,7.988431930541992,1.2034246575342467
478.0,5308.11772441864,28.0,0.6372241382710481,795.3327636113025,142.76171875,0.9899206161499023,1.1789115646258503
479.0,5319.16952753067,28.0,2.738912445963854,812.3411651816311,142.125,7.992282867431641,1.1755102040816328
480.0,5330.2033269405365,28.0,0.643342922571096,804.6543463381246,142.55859375,0.9937686920166016,1.161904761904762
481.0,5341.2316036224365,28.0,2.7431822662094625,800.8720770288859,141.62890625,7.996129989624023,1.164864864864865
482.0,5352.26281452179,28.0,0.643421556684331,808.3526846100758,142.5390625,0.9976139068603516,1.1655405405405406
483.0,5363.326313972473,28.0,2.7493894032342667,792.6579120879121,142.22265625,7.999979019165039,1.147972972972973
484.0,5374.358629465103,28.0,0.6448618077397269,775.1669876203576,141.5625,1.00146484375,1.164625850340136
485.0,5385.388954877853,28.0,2.735058225859686,801.145095890411,142.609375,8.003829956054688,1.2013513513513514
486.0,5396.450893163681,28.0,0.6408342959872662,811.7804395604395,141.34765625,1.0053157806396484,1.1824324324324325
487.0,5407.5149619579315,28.0,2.743689666413096,799.8738166894665,143.4296875,8.007884979248047,1.1751677852348994
488.0,5418.55752825737,28.0,0.6464047921935627,823.8304461221687,141.4609375,1.0097770690917969,1.167808219178082
489.0,5429.618519306183,28.0,2.7451463438662334,818.610909090909,140.89453125,8.011734008789062,1.1741496598639456
490.0,5440.651735305786,28.0,0.6400838498192309,818.4103367697595,141.17578125,1.0136280059814453,1.1938775510204083
491.0,5451.716300010681,28.0,2.740476575142661,810.6761852861035,142.359375,8.015584945678711,1.1945578231292517
492.0,5462.776318073273,28.0,0.6479975452778971,805.5721262002743,142.00390625,1.0174789428710938,1.1702702702702703
493.0,5473.859514474869,28.0,2.743033709528856,825.4536170212766,141.59375,8.019433975219727,1.1895734597156398
494.0,5484.91251039505,28.0,0.6420208464338063,797.2666757679181,140.796875,1.0213279724121094,1.1952380952380952
495.0,5495.964998483658,28.0,2.7425952103756726,825.5161799307958,141.62109375,8.023284912109375,1.1952380952380952
496.0,5507.018186807632,28.0,0.6458627312330714,796.9668131868132,141.1015625,1.0251789093017578,1.1857142857142857
497.0,5518.067770957947,28.0,2.7462189979585014,817.3918681318683,142.1015625,8.027135848999023,1.1864864864864866
498.0,5529.122485876083,28.0,0.6426073658123622,820.1330200414651,141.375,1.029642105102539,1.202054794520548
499.0,5540.17783331871,28.0,2.7468820577399695,823.6900137551581,141.5,8.031185150146484,1.1884353741496598
500.0,5551.228665113449,28.0,0.6541897013728303,804.8426373626373,141.63671875,1.0334892272949219,1.1655405405405406
