time_in_seconds,selected_config_idx,reward,cpu_percent,mem_usage,throughput,response_time
7.125083684921265,0.0,1.089078549891744,816.2378741258742,39.23828125,2.8114261627197266,1.6470588235294117
19.15338134765625,1.0,0.23821890334131024,844.7095944055943,39.4375,0.005298614501953125,1.7104477611940299
31.182438373565674,2.0,0.8563722332694315,847.7962023562023,40.875,2.818265914916992,48.720657276995304
43.21258759498596,3.0,0.014636068419155136,837.544568668047,40.30859375,0.012290000915527344,48.6061320754717
55.245875120162964,4.0,1.1641224697311499,802.1426183844012,40.2578125,2.824337959289551,1.2735294117647058
67.27765130996704,5.0,0.016638416822080473,810.3183186440677,40.3828125,0.018926620483398438,48.55952380952381
79.30777978897095,6.0,0.860137940268684,870.471221532091,40.96484375,2.8309154510498047,48.825581395348834
91.3380343914032,7.0,0.3189778803224516,815.947520891365,40.35546875,0.02499675750732422,1.2955223880597015
103.36642503738403,8.0,1.029154115700859,807.1752486187845,40.6640625,2.837230682373047,2.282089552238806
115.40100622177124,9.0,0.02048365950982412,852.4126080892609,42.1171875,0.03156566619873047,47.59069767441861
128.43168830871582,10.0,0.8641349849639518,812.8996413793104,41.3515625,2.843836784362793,48.07906976744186
141.46797919273376,11.0,0.02243363127220559,846.6646492434663,41.3046875,0.03843116760253906,48.50232558139535
154.500426530838,12.0,0.8663850369314392,856.9440111034004,41.32421875,2.85164737701416,48.55813953488372
167.53223371505737,13.0,0.024434137329512516,843.6086575342466,41.48828125,0.04516792297363281,48.56511627906977
179.56555366516113,14.0,1.0258765617075596,796.0478783690394,42.5625,2.857771873474121,2.41044776119403
191.59506011009216,15.0,0.3365934307423925,804.0930567081605,41.13671875,0.050818443298339844,1.2552238805970148
203.62579250335693,16.0,1.1853347557232663,788.7828650904033,41.36328125,2.863306999206543,1.2358208955223882
215.65456652641296,17.0,0.27932433729940753,803.3338181818183,41.64453125,0.056613922119140625,1.5402985074626865
227.68652057647705,18.0,1.1295811400668356,813.0052704576977,41.1640625,2.869229316711426,1.5029850746268656
239.71709489822388,19.0,0.338519165099321,814.6766875434935,41.15234375,0.062279701232910156,1.2611940298507462
251.74674892425537,20.0,1.042847992151926,812.2214355400697,40.9921875,2.8754119873046875,2.253030303030303
263.7748165130615,21.0,0.03152559063764666,823.4354613807245,41.85546875,0.0688467025756836,48.54651162790697
276.8065228462219,22.0,0.8757643118577351,832.8755646817248,41.36328125,2.882828712463379,48.43809523809524
289.8402307033539,23.0,0.03351071457614884,842.7796703296704,42.3515625,0.0756988525390625,48.76525821596244
302.87425804138184,24.0,0.8776486786151908,837.0576066024759,42.703125,2.889815330505371,49.24047619047619
315.90982151031494,25.0,0.03562047493841689,859.5899104066161,42.28125,0.08243179321289062,48.23255813953488
328.94220519065857,26.0,1.03232057098623,816.9850894085282,43.13671875,2.895939826965332,2.484848484848485
340.9724209308624,27.0,0.35673477517075275,818.292185981957,41.0,0.08807659149169922,1.2208955223880598
353.0042498111725,28.0,1.198253914873915,772.0087656033287,41.1171875,2.90146541595459,1.2303030303030302
365.0342364311218,29.0,0.27231632222632135,811.1067491408935,42.14453125,0.09386634826660156,1.656060606060606
377.0638744831085,30.0,1.1420519625619834,823.1094505494506,41.8828125,2.9073829650878906,1.496969696969697
389.09473609924316,31.0,0.3499242371063483,780.9048049281314,42.16015625,0.09952831268310547,1.2600896860986548
401.1280081272125,32.0,1.0615642970899,793.1947477539737,42.8984375,2.914121627807617,2.165151515151515
413.1562795639038,33.0,0.21414184745323575,795.8742541436463,42.890625,0.10564422607421875,2.2238805970149254
425.1833336353302,34.0,1.0357331503565932,788.5135501730103,43.35546875,2.920412063598633,2.546969696969697
437.2154338359833,35.0,0.19124893805987106,813.8708888888889,42.3984375,0.11201953887939453,2.58
449.24606370925903,36.0,1.0612960506348683,803.0830811936155,42.32421875,2.9266204833984375,2.213636363636364
461.27448439598083,37.0,0.20907142692505012,794.2703181189488,42.18359375,0.1181344985961914,2.3390625
473.3039650917053,38.0,1.0534163599374846,803.4237078651686,41.52734375,2.9327306747436523,2.34
485.33232593536377,39.0,0.20264687301270937,828.1364640883978,43.1484375,0.1244192123413086,2.4575757575757575
497.36201310157776,40.0,1.0445857945289592,808.2886643598616,43.24609375,2.9391002655029297,2.4953846153846153
509.39299154281616,41.0,0.2242285744987887,828.024403036577,42.65625,0.13062191009521484,2.1923076923076925
521.42529463768,28.0,1.2030849533993464,807.7253370013756,42.3828125,2.945643424987793,1.2626865671641792
533.457083940506,16.0,0.36147730966796,796.3393236714976,44.4140625,0.1361532211303711,1.2573529411764706
545.4886422157288,4.0,1.2125970018866046,779.7563312799452,42.98828125,2.95143985748291,1.2323529411764707
557.5160162448883,30.0,0.3116337334608438,810.4902564102565,42.2421875,0.1420736312866211,1.5015151515151515
569.547003030777,18.0,1.1482640340846662,775.447011732229,42.37890625,2.957362174987793,1.5477611940298508
581.5774269104004,0.0,0.2750296491527338,799.1216597510373,43.18359375,0.14758586883544922,1.7529411764705882
593.6068608760834,32.0,1.074564689707137,805.5255839668279,43.5625,2.963202476501465,2.1850746268656716
605.6371011734009,36.0,0.23568379773899503,805.0539298004129,43.40234375,0.1537036895751953,2.138805970149254
617.66885638237,38.0,1.076775841466671,813.4998347107437,43.98046875,2.969318389892578,2.18030303030303
629.697459936142,40.0,0.20518201027830688,803.8229598893499,42.39453125,0.1599884033203125,2.5876923076923077
641.7262585163116,20.0,1.066742240652809,818.2293771389459,42.484375,2.976595878601074,2.336923076923077
653.7541036605835,34.0,0.21134472614715244,778.0142222222222,43.390625,0.16640377044677734,2.517910447761194
665.7843508720398,26.0,1.0649727743539597,813.7154080221301,43.45703125,2.982640266418457,2.3861538461538463
677.8132817745209,8.0,0.23088211923174448,810.281111111111,43.9296875,0.17270278930664062,2.265671641791045
689.8429136276245,14.0,1.0625476840842936,792.5711934156378,44.26171875,2.9887380599975586,2.4477611940298507
701.8724584579468,24.0,0.06445530617395881,857.2101657458564,44.82421875,0.17932510375976562,48.819047619047616
714.9052729606628,22.0,0.9093825744338189,830.2239014373716,45.0703125,2.9954652786254883,48.28971962616822
727.9363374710083,12.0,0.06656518703737563,838.9652668052668,45.41015625,0.1861886978149414,48.37906976744186
740.9684488773346,10.0,0.9114559679745611,835.4588429752066,44.5,3.002202033996582,48.14186046511628
753.0008478164673,6.0,0.06868376027577758,854.9718213058419,46.109375,0.19345474243164062,48.51627906976744
766.0331301689148,2.0,0.9134222054962542,836.5221517241379,44.7734375,3.0089902877807617,48.46976744186046
778.063756942749,27.0,0.38059814301527645,819.0020301783265,44.97265625,0.19946861267089844,1.2567164179104477
790.0963411331177,28.0,1.2393766924841825,826.0876190476191,44.4921875,3.0146026611328125,1.2029850746268658
802.1279578208923,31.0,0.3779095144717786,812.320218878249,44.4296875,0.2050018310546875,1.2742424242424242
814.1568944454193,4.0,1.2176816091278013,797.541707147814,45.03515625,3.0203981399536133,1.2941176470588236
826.1858158111572,19.0,0.38873802498974835,795.3495772695773,44.53125,0.21066856384277344,1.238235294117647
838.2188606262207,15.0,1.2379800693716054,804.441756097561,44.61328125,3.025930404663086,1.2205882352941178
850.2482459545135,7.0,0.37366659035984817,836.1644506258692,44.94140625,0.2164592742919922,1.3060606060606061
862.2765471935272,18.0,1.1757598145114174,799.7231833910034,45.99609375,3.031853675842285,1.516417910447761
874.3063356876373,17.0,0.3393051487539792,800.2207777777778,45.32421875,0.22319889068603516,1.482089552238806
886.3349244594574,29.0,1.1777326190699045,831.788979020979,46.28515625,3.0377721786499023,1.5151515151515151
898.3638536930084,1.0,0.2999005144578383,825.5944674965422,45.80859375,0.22870349884033203,1.7477611940298508
910.3936097621918,41.0,1.0908854983436505,801.4962758620691,45.2890625,3.0436182022094727,2.28125
922.4267256259918,33.0,0.25259979312360104,792.1773121984838,45.74609375,0.23482418060302734,2.2257575757575756
934.460756778717,37.0,1.094999415802648,788.0798899587345,46.08203125,3.049732208251953,2.251543209876543
946.492201089859,32.0,0.2536786524782278,807.7094125777471,46.14453125,0.240936279296875,2.234848484848485
958.5195384025574,39.0,1.0672204870680249,815.444,45.5703125,3.0560131072998047,2.703125
970.5502574443817,38.0,0.2571881608490318,820.1493702422144,44.84765625,0.2471332550048828,2.2151515151515153
982.5832762718201,35.0,1.08519671333736,805.6901737317581,45.828125,3.062297821044922,2.437878787878788
994.614492893219,20.0,0.25822936291058485,798.0490821256038,45.73828125,0.2544088363647461,2.228787878787879
1006.6462380886078,26.0,1.0854428465859063,800.1586813186814,45.9453125,3.068387985229492,2.4615384615384617
1018.6747016906738,14.0,0.2443449227159214,803.1058241758242,46.859375,0.26029491424560547,2.440909090909091
1030.7044365406036,25.0,0.9330490124494434,856.3162248438583,46.87109375,3.0747547149658203,48.45238095238095
1043.7366745471954,23.0,0.09074923379692144,848.6994064872325,46.0625,0.26715564727783203,48.804761904761904
1056.7688972949982,21.0,0.9351015020079999,855.0956715379263,46.29296875,3.08148193359375,48.40930232558139
1069.8007156848907,13.0,0.09285551323438788,845.0910382513662,46.33984375,0.2737598419189453,48.00232558139535
1082.8328230381012,11.0,0.9371067501663016,812.6029160935351,47.90234375,3.088348388671875,48.37619047619047
1095.8672568798065,9.0,0.0947720284654269,849.719612724758,47.08203125,0.28049278259277344,48.397619047619045
1108.8996109962463,5.0,0.9391496444806056,831.4671120389701,46.734375,3.095210075378418,48.74285714285714
1120.9307568073273,3.0,0.09693601986890689,833.1656202878684,47.78125,0.2878904342651367,48.56744186046512
1133.9656205177307,22.0,0.9411100363019529,834.227388622344,48.01953125,3.101835250854492,48.56
1147.0000295639038,10.0,0.09898581156474666,846.0266299104067,47.80859375,0.2944965362548828,48.14186046511628
1160.0327928066254,2.0,0.9432640096899471,837.8788129744651,47.77734375,3.108700752258301,48.06511627906977
1172.0656244754791,28.0,0.40646321307145056,828.2161924398625,46.40625,0.30051612854003906,1.2742424242424242
1184.097090959549,4.0,1.2447407444145269,793.8292669432918,47.75,3.114495277404785,1.2985074626865671
1196.1268093585968,15.0,0.41839787577249443,797.6691385251551,47.65234375,0.30617713928222656,1.2338235294117648
1208.1573145389557,16.0,1.2628139688245483,820.7277562326869,47.484375,3.120030403137207,1.2328358208955223
1220.1859047412872,18.0,0.3649946233997541,805.7306685044797,48.109375,0.31197166442871094,1.4865671641791045
1232.2179794311523,30.0,1.2030012722919656,828.5498262682419,47.51953125,3.12656307220459,1.5227272727272727
1244.245999097824,29.0,0.3584155184658309,812.0150964187328,46.97265625,0.31809425354003906,1.534848484848485
1256.2775359153748,0.0,1.1807420394384365,809.3777470628888,48.3671875,3.1320714950561523,1.675
1268.307868719101,26.0,0.2677777067426951,827.0282548476454,47.2734375,0.32378578186035156,2.376923076923077
1280.3374936580658,41.0,1.123239874148624,815.6316049382717,47.015625,3.1381120681762695,2.229230769230769
1292.3652651309967,37.0,0.2801925692994396,807.7515991763897,48.08984375,0.3298988342285156,2.2359375
1304.3950219154358,36.0,1.1279439996832945,771.0569487008661,47.5703125,3.1442317962646484,2.1940298507462686
1316.4259910583496,35.0,0.26829498452027517,812.9556965517243,47.86328125,0.33618831634521484,2.422727272727273
1328.456345319748,39.0,1.1035716563953133,810.8331571627261,48.82421875,3.15059757232666,2.5625
1340.488510131836,8.0,0.28001521926179723,831.9033564493759,49.296875,0.3426532745361328,2.286363636363636
1352.5240614414215,40.0,1.1065706284610566,791.7172633033863,48.2734375,3.157625198364258,2.5484375
1364.5548214912415,34.0,0.26818231055035663,796.8334705075446,47.88671875,0.3492307662963867,2.4833333333333334
1376.584195137024,4.0,1.2584133832665803,788.048864265928,48.73046875,3.163699150085449,1.3029411764705883
1388.613440990448,16.0,0.4371838222539002,801.5482482758621,49.171875,0.35489749908447266,1.217910447761194
1400.644245147705,22.0,0.9615277418355433,828.9771428571429,49.46875,3.1699447631835938,48.3
1413.676705121994,2.0,0.11904559711281973,842.9501234567902,48.96484375,0.36176300048828125,48.56046511627907
1426.709129333496,30.0,1.222097261050065,817.3828885832187,48.7734375,3.176219940185547,1.4984848484848485
1438.738857269287,25.0,0.12084691375520708,844.6099248120302,50.39453125,0.3681354522705078,48.86904761904762
1451.7709364891052,21.0,0.9653644013250802,864.2420456116103,50.21875,3.182819366455078,48.21666666666667
1464.8033180236816,11.0,0.12305248657588946,844.8643526170798,49.8046875,0.3749971389770508,48.14186046511628
1477.8363223075867,5.0,0.9676685355622813,858.3061230131307,50.48046875,3.1906280517578125,48.39018691588785
1490.8703758716583,24.0,0.12503384340336163,824.6076256022023,49.78515625,0.38197898864746094,48.84615384615385
1503.9049324989319,12.0,0.9697620982442284,839.9278517501715,50.046875,3.1976184844970703,48.54186046511628
1515.9349417686462,6.0,0.12696333447809713,852.4707501720577,49.9765625,0.38855743408203125,49.01627906976744
1527.964411020279,0.0,1.1967440919870316,781.5148821548821,49.26953125,3.2032737731933594,1.713235294117647
1539.9951765537262,4.0,0.43361949025200414,805.078174273859,49.88671875,0.3942747116088867,1.2776119402985076
1552.0226278305054,41.0,1.1438020619591345,796.3899930891499,50.12890625,3.209324836730957,2.2376543209876543
1564.0520446300507,36.0,0.30097092688883414,804.63341563786,50.41796875,0.40039730072021484,2.2393939393939393
1576.0852127075195,32.0,1.1457370810860075,794.1237164487268,50.2421875,3.2154436111450195,2.2363636363636363
1588.1145324707031,38.0,0.30702735929407104,819.1576341127924,49.90625,0.4065132141113281,2.187878787878788
1600.146056652069,39.0,1.1276570187674626,803.7517012448133,49.71484375,3.2225446701049805,2.5215384615384617
1612.1770327091217,20.0,0.30872635595880504,805.0872022160664,49.9375,0.41297054290771484,2.190769230769231
1624.2091336250305,40.0,1.129499891198903,813.1712396694215,49.81640625,3.2289600372314453,2.522727272727273
1636.23730301857,14.0,0.2958529355368274,813.0948013937282,50.01171875,0.4190206527709961,2.3823529411764706
1648.2655880451202,27.0,1.29108926611417,767.4494989704873,50.234375,3.2346067428588867,1.256060606060606
1660.2944962978363,31.0,0.44020962828422305,811.5896666666666,50.90625,0.42455196380615234,1.2876923076923077
1672.3215265274048,19.0,1.3004043617473855,801.5479531357685,50.671875,3.240140914916992,1.2264705882352942
1684.3534529209137,28.0,0.4485837416196145,809.4588105117566,49.921875,0.4300861358642578,1.2606060606060605
1696.381212234497,7.0,1.2758078534038728,813.6370514603616,49.84375,3.245931625366211,1.3343283582089551
1708.4113190174103,30.0,0.38230935843037456,816.7400137835974,50.45703125,0.4360055923461914,1.6046153846153846
1720.4406642913818,17.0,1.238966240599132,794.3289993098689,51.04296875,3.2526702880859375,1.5328358208955224
1732.4717786312103,18.0,0.39856720396275974,796.6801659751037,51.05078125,0.4419260025024414,1.516417910447761
1744.500580072403,0.0,1.2260160845109236,815.9226092990979,51.5625,3.2581825256347656,1.6235294117647059
1756.5282530784607,1.0,0.37581428420750485,803.3702620689656,51.015625,0.44722843170166016,1.6705882352941177
1768.5620110034943,22.0,0.989743776839855,841.0136251709986,52.4453125,3.2643508911132812,48.22790697674419
1780.5940158367157,27.0,0.4583006047312038,806.6001937716263,51.875,0.4531126022338867,1.2492537313432837
1792.624541759491,19.0,1.312812913055541,809.3345079146593,51.046875,3.269878387451172,1.2134328358208955
1804.656434059143,15.0,0.4665855052556304,816.2345266067726,52.12890625,0.45864295959472656,1.2238805970149254
1816.6851682662964,7.0,1.300290919938193,808.999532002753,51.76171875,3.275665283203125,1.268181818181818
1828.7160727977753,41.0,0.3204020110814703,784.8655900621118,52.015625,0.4646921157836914,2.236923076923077
1840.7454288005829,33.0,1.1667475803490486,788.5024,52.39453125,3.2825965881347656,2.2246153846153844
1852.774497270584,21.0,0.15177433153159506,840.5203583735355,51.4609375,0.47112274169921875,48.44761904761905
1865.808266401291,5.0,0.9972041053082072,839.4720767649075,52.14453125,3.28945255279541,48.707142857142856
1878.8427362442017,32.0,0.3287555558827548,806.2712923289565,52.1875,0.4775266647338867,2.1818181818181817
1890.8722789287567,12.0,0.999154246655568,820.3075824175825,53.4140625,3.2961502075195312,48.82093023255814
1903.9053061008453,39.0,0.3044402423413783,824.3272222222222,52.29296875,0.484100341796875,2.546875
1915.9351358413696,40.0,1.1475854842510993,824.9339406487233,52.46484375,3.30251407623291,2.5859375
1927.967938899994,10.0,0.15751229304404382,830.231659807956,52.6875,0.49062538146972656,48.86511627906977
1939.9990339279175,17.0,1.2629875201809262,806.5730117160579,53.39453125,3.308661460876465,1.491044776119403
1952.0271649360657,26.0,0.3091631095787253,818.8009385783299,53.05859375,0.49713134765625,2.533333333333333
1964.0577008724213,29.0,1.2624038425654813,788.1616563146997,53.80078125,3.314767837524414,1.5045454545454546
1976.0873110294342,19.0,0.4686378912945771,801.3520109439124,53.0390625,0.5027914047241211,1.2671641791044777
1988.1175520420074,0.0,1.235888237936594,818.8427034482759,53.34765625,3.3201446533203125,1.682608695652174
2000.1473290920258,7.0,0.4684617505776453,810.9520274914089,54.14453125,0.5085029602050781,1.2746268656716417
2012.1791779994965,16.0,1.323963886353184,813.8197377501726,53.89453125,3.3259992599487305,1.2343283582089553
2024.2077631950378,4.0,0.4758239892297787,801.5203854094975,53.82421875,0.5142955780029297,1.2522388059701492
2036.237857580185,33.0,1.1804485044623947,824.3859668508287,54.05078125,3.332050323486328,2.237878787878788
2048.277927160263,17.0,0.4344686470584257,790.2599307958478,54.26953125,0.5202808380126953,1.4477611940298507
2060.2988278865814,37.0,1.1790960104794062,830.9114226231783,53.48046875,3.338094711303711,2.2784615384615385
2072.327234506607,29.0,0.4167286177788486,811.4386178299931,53.73828125,0.5268716812133789,1.559090909090909
2084.3548469543457,22.0,1.0136878603638,838.6866345492086,54.35546875,3.3446693420410156,48.72790697674419
2097.386542081833,35.0,0.3210923255447889,810.237785467128,54.671875,0.5333166122436523,2.5153846153846153
2109.4183604717255,8.0,1.1873684276885326,811.3343511450381,54.8515625,3.351132392883301,2.2227272727272727
2121.4479064941406,40.0,0.3241118033179303,798.6328169979438,54.140625,0.5397243499755859,2.4984848484848485
2133.478002548218,34.0,1.1604898851164178,823.6560945100765,54.53515625,3.357501983642578,2.646153846153846
2145.5083289146423,16.0,0.4949716665009341,790.0373479152427,54.97265625,0.545536994934082,1.2149253731343284
2157.537487268448,0.0,1.2532079639494518,827.9643580846634,55.93359375,3.362879753112793,1.6507462686567165
2169.5693969726562,5.0,0.17583753580650358,836.3416632302406,56.0546875,0.5519628524780273,48.628841607565015
2182.6074583530426,23.0,1.0211648636424109,826.3599178644764,55.75390625,3.3698654174804688,48.96190476190476
2194.6360745429993,28.0,0.48930263523413337,802.3225309491058,55.44140625,0.5587902069091797,1.2515151515151515
2206.665919303894,13.0,1.0230779940912502,842.4308246708247,56.29296875,3.3761110305786133,48.59761904761905
2219.699419736862,9.0,0.17987627757757632,861.3124219292158,55.7421875,0.5653896331787109,48.58372093023256
2232.7319440841675,12.0,1.025111103547386,832.5061937244202,56.2734375,3.3829708099365234,48.765116279069765
2244.760799407959,3.0,0.18194802658890682,829.9838461538462,55.71875,0.5719680786132812,48.06590909090909
2257.7942130565643,2.0,1.0272607602168358,838.2541273100616,56.16015625,3.3897571563720703,48.109302325581396
2270.8288946151733,33.0,0.35454577063735887,799.011270718232,56.8828125,0.5783758163452148,2.234328358208955
2282.8626205921173,37.0,1.1961358495378316,803.3461878453039,56.046875,3.395867347717285,2.28125
2294.8910262584686,8.0,0.3572175477388116,776.251570247934,55.875,0.5847501754760742,2.225373134328358
2306.9197261333466,36.0,1.2037241883040672,814.0368715083799,56.39453125,3.4021177291870117,2.209090909090909
2318.947607278824,30.0,0.4343316403152927,805.7744452101998,55.796875,0.5915498733520508,1.5696969696969696
2330.9763629436493,38.0,1.2081788765673267,823.91214384509,56.43359375,3.4081602096557617,2.1772727272727272
2343.003937482834,18.0,0.4455744925890974,807.8252239834598,56.59765625,0.5975341796875,1.5134328358208955
2355.0385768413544,0.0,1.267170893653911,801.8738778311599,56.40625,3.413668632507324,1.6594202898550725
2367.0674295425415,20.0,0.35722914175694953,806.3593597773139,57.45703125,0.6036367416381836,2.296875
2379.097522497177,34.0,1.187750461463073,774.8178266850068,56.8984375,3.420083999633789,2.5045454545454544
2391.1261751651764,14.0,0.35346867976260943,792.5797373876986,56.90234375,0.609684944152832,2.373134328358209
2403.158548116684,22.0,1.038217393234826,836.6720882150241,57.0546875,3.426515579223633,48.36190476190476
2415.188725709915,31.0,0.5247072581045292,786.4923835616438,57.06640625,0.615574836730957,1.1833333333333333
2427.218913078308,23.0,1.0400153051911174,837.6058122001372,57.79296875,3.4330196380615234,49.13809523809524
2440.2577407360077,13.0,0.19713446025769923,830.1686813186814,58.26171875,0.6231241226196289,48.544186046511626
2452.286515235901,27.0,1.343133696311448,786.8499862068966,57.4765625,3.4389028549194336,1.2925373134328357
2464.316333055496,37.0,0.36854437511424565,804.9792,57.29296875,0.6290397644042969,2.249230769230769
2476.345675468445,25.0,1.0438313501772831,833.66492434663,57.2265625,3.445343017578125,48.53720930232558
2488.3760752677917,15.0,0.5073813934020545,809.7966781056966,57.73046875,0.6349287033081055,1.2701492537313432
2500.4045374393463,36.0,1.2175906612401772,775.5291776088459,58.03515625,3.45127010345459,2.219402985074627
2512.4352469444275,11.0,0.20267178480707726,838.4386547700755,59.28515625,0.6416292190551758,48.43953488372093
2525.471974134445,12.0,1.0476260390084025,823.0026373626373,58.7890625,3.4582643508911133,48.76428571428571
2537.497988462448,0.0,0.4409941918936117,820.0413545266068,59.65234375,0.6474981307983398,1.6338235294117647
2549.5284173488617,24.0,1.0495430137948243,834.4753328757721,58.15625,3.4646902084350586,48.91904761904762
2562.5614564418793,38.0,0.3742369679645808,808.7506254295533,59.15234375,0.6547212600708008,2.2742424242424244
2574.592090845108,41.0,1.2214348321368391,782.6127460426703,59.48046875,3.4708003997802734,2.243939393939394
2586.6231660842896,6.0,0.20841065480586332,851.5458206896552,59.52734375,0.6610078811645508,48.819047619047616
2598.649425506592,4.0,1.3711322468727287,811.0824376731301,59.3125,3.4768686294555664,1.2264705882352942
2610.6793417930603,32.0,0.3815209919520467,784.9816574585635,59.546875,0.6670570373535156,2.228787878787879
2622.709054708481,34.0,1.2097445665110258,798.9304335856848,59.359375,3.483157157897949,2.456060606060606
2634.7373428344727,2.0,0.21225913305876373,821.7170596393897,59.89453125,0.6738433837890625,48.82142857142857
2646.766839504242,27.0,1.370027509693596,837.1368827586206,59.0390625,3.48917293548584,1.2447761194029852
2658.7976081371307,19.0,0.5365998588130008,805.6414364640884,59.7421875,0.6793785095214844,1.208955223880597
2670.8279695510864,39.0,1.2084190020594174,806.8121279554937,59.9765625,3.4954700469970703,2.5338461538461536
2682.858496427536,26.0,0.3703722548303629,807.0224551724139,60.52734375,0.68603515625,2.459090909090909
2694.8882732391357,7.0,1.3523353845334778,779.8959670781893,60.0,3.5013742446899414,1.3333333333333333
2706.9204120635986,4.0,0.5225087050797105,780.9305785123967,60.171875,0.6919574737548828,1.2779411764705881
2718.9508967399597,27.0,1.3668197415130925,801.0307543252596,60.1015625,3.507033348083496,1.2787878787878788
2730.9816274642944,22.0,0.2196123362442124,844.7915326460482,60.015625,0.6982011795043945,48.490697674418605
2743.010457277298,1.0,1.2806278845776589,817.9429512697324,60.9609375,3.5127649307250977,1.7784615384615385
2755.0374569892883,36.0,0.39032642720296007,782.8122780454232,60.6875,0.704371452331543,2.2584615384615385
2767.0696935653687,41.0,1.2404135157695273,828.8809931034482,60.04296875,3.518885612487793,2.187692307692308
2779.0979902744293,1.0,0.45099567989278005,839.9932503457813,60.4921875,0.7099370956420898,1.6940298507462686
2791.127539396286,23.0,1.0677841805642834,842.3025797503467,61.3515625,3.52571964263916,48.7751756440281
2803.158511161804,7.0,0.5168856563956498,809.418836565097,60.52734375,0.7166213989257812,1.3333333333333333
2815.189550638199,34.0,1.2194522161611208,795.894364640884,61.35546875,3.5319395065307617,2.5318181818181817
2827.2175810337067,16.0,0.5403041706472359,803.8332222222222,62.68359375,0.722437858581543,1.2432835820895523
2839.246093273163,17.0,1.3262074219308624,797.4213979238755,61.23046875,3.5377349853515625,1.5208955223880598
2851.2787203788757,27.0,0.5290839039619748,836.5061314878893,60.82421875,0.7280960083007812,1.2954545454545454
2863.30681347847,25.0,1.073270508433971,846.2727272727273,61.9375,3.543980598449707,48.62945368171022
2876.3382663726807,39.0,0.3803644297305391,822.1216088765603,62.19921875,0.7345418930053711,2.5292307692307694
2888.371707201004,24.0,1.0753098750923193,836.1237756497948,62.03125,3.5507631301879883,48.60476190476191
2900.4011323451996,28.0,0.5434596586482366,824.075020746888,61.671875,0.7405586242675781,1.2522388059701492
2912.4326169490814,12.0,1.077404897250393,819.616397515528,62.67578125,3.557882308959961,48.77647058823529
2925.468658685684,29.0,0.48276333118948633,801.8599170124481,62.7890625,0.747039794921875,1.5575757575757576
2937.499185562134,40.0,1.2213042602392892,819.0423140495868,62.65234375,3.5640974044799805,2.6625
2949.529995918274,21.0,0.23607819898912683,833.7313892709766,63.70703125,0.7535610198974609,48.77857142857143
2961.5578758716583,17.0,1.345179278462003,803.7853766413269,63.1015625,3.570244789123535,1.4691176470588236
2973.5876998901367,10.0,0.2380389024576338,836.3051137146796,64.359375,0.7599411010742188,48.404761904761905
2986.622121810913,41.0,1.2556148807211664,818.3529347079037,62.84765625,3.5765247344970703,2.212121212121212
2998.653010368347,34.0,0.39079772306454347,788.5108236895848,64.7890625,0.7662286758422852,2.5136363636363637
3010.683977842331,17.0,1.3347691950041076,782.4394490358127,64.73046875,3.582599639892578,1.5492537313432835
3022.71421790123,30.0,0.4943599402603925,783.1172946859903,62.8828125,0.7721490859985352,1.5333333333333334
3034.7427232265472,40.0,1.235829434627992,799.6980609418283,62.92578125,3.589634895324707,2.546153846153846
3046.7719824314117,23.0,0.24367197043965688,832.5942228335625,64.32421875,0.7789297103881836,48.791079812206576
3058.8015525341034,18.0,1.346976621388595,804.3242739726028,64.5625,3.595911979675293,1.5014705882352941
3070.833198070526,35.0,0.39365144851801637,801.1941111111112,64.515625,0.7851543426513672,2.559090909090909
3082.863931655884,25.0,1.0907284651009568,842.0070311418685,64.6796875,3.60244083404541,48.705607476635514
3095.896190404892,41.0,0.41244183021634656,803.7256364874064,64.29296875,0.7914352416992188,2.309375
3107.9249415397644,0.0,1.314916828376307,803.9441655172415,64.1328125,3.608016014099121,1.7338235294117648
3119.9556465148926,24.0,0.2493579863942709,851.6517842323651,64.04296875,0.7978610992431641,48.76046511627907
3132.985961675644,12.0,1.094466277964308,863.9026769446391,64.859375,3.6150083541870117,48.8372641509434
3146.019035100937,33.0,0.42175686929371886,808.5734257975035,65.1953125,0.8042716979980469,2.2384615384615385
3158.0498139858246,17.0,1.3526261979216017,822.5531727460426,64.984375,3.621814727783203,1.5134328358208955
3170.0805809497833,18.0,0.5120336174585312,819.1159472588481,65.23828125,0.8101940155029297,1.4970149253731344
3182.1132752895355,5.0,1.0985720607658158,829.6708571428571,65.3125,3.628450393676758,48.39812646370024
3195.1459279060364,8.0,0.421893442775649,787.4222222222222,66.078125,0.8168659210205078,2.2848484848484847
3207.175217151642,40.0,1.2474474993925355,805.036914600551,66.01171875,3.6348676681518555,2.576923076923077
3219.2056238651276,0.0,0.4879631129611745,811.146815642458,65.66015625,0.8225231170654297,1.6705882352941177
3231.236369371414,17.0,1.3552439668209306,793.2881151473613,65.359375,3.6405820846557617,1.5308823529411764
3243.266140460968,4.0,0.5601323387453462,774.4190554414783,66.09375,0.8284482955932617,1.291044776119403
3255.2946949005127,20.0,1.268142305114686,818.0522607489598,66.42578125,3.646895408630371,2.3212121212121213
3267.325249195099,31.0,0.5788863827211667,809.1832661570536,65.87890625,0.8343067169189453,1.2238805970149254
3279.3537468910217,14.0,1.2638647984374871,814.6687552447553,65.87109375,3.6534833908081055,2.4088235294117646
3291.3819653987885,19.0,0.5830537781732469,793.6961779013203,65.953125,0.8399591445922852,1.214705882352941
3303.4109802246094,15.0,1.4200429441780895,782.2309307207837,66.3203125,3.659017562866211,1.2477611940298508
3315.4419453144073,15.0,0.5664331275578541,779.0347252747254,66.5859375,0.843806266784668,1.283974358974359
3327.4690465927124,37.0,1.2780079167717568,779.4444504748983,65.77734375,3.6649351119995117,2.263076923076923
3339.4996728897095,17.0,0.5212502000781106,830.2686865879084,66.1875,0.84979248046875,1.5119402985074626
3351.529920578003,20.0,1.277267548186046,790.1573480662984,66.82421875,3.6712398529052734,2.296923076923077
3363.564232826233,25.0,0.2668907772323358,841.7361374570447,67.1015625,0.8563632965087891,48.46190476190476
3376.6004230976105,38.0,1.280297253633002,803.163400138217,66.41796875,3.677518844604492,2.2819722650231125
3388.627074241638,40.0,0.4129490450497117,799.2157035003432,66.6171875,0.8626480102539062,2.624615384615385
3400.658213853836,12.0,1.1154361450465808,828.3114461960247,67.83984375,3.68511962890625,48.871428571428574
3412.686666727066,14.0,0.4260116382437886,805.6704709141273,67.6328125,0.8689022064208984,2.444776119402985
3424.716220140457,32.0,1.2910516093272988,805.2583125864453,67.30859375,3.691160202026367,2.198170731707317
3436.7468390464783,27.0,0.5880366907109166,829.7426786953505,67.4765625,0.8746242523193359,1.2348484848484849
3448.776287317276,5.0,1.1192182796350567,839.1349584487534,67.5390625,3.6976633071899414,48.77857142857143
3460.8030421733856,7.0,0.5677109584341077,824.5457458563535,67.3984375,0.8809013366699219,1.3257575757575757
3472.832127094269,16.0,1.4321459760444955,814.5276454293629,67.78515625,3.703324317932129,1.2522388059701492
3484.861124753952,37.0,0.4446189444624438,803.273120665742,68.82421875,0.8868207931518555,2.2615384615384615
3496.8895692825317,16.0,1.4403624042696623,802.4725155925156,67.92578125,3.709050178527832,1.2272727272727273
3508.916843175888,20.0,0.44669075862672697,783.6908865979382,67.94140625,0.8930044174194336,2.2590909090909093
3520.946033000946,38.0,1.292220616142976,818.1001111111111,68.1875,3.7161130905151367,2.276923076923077
3532.9768872261047,16.0,0.5909338301174512,810.4504444444444,68.68359375,0.8987283706665039,1.2515151515151515
3545.0068418979645,36.0,1.3002635102018236,782.0467217630853,68.88671875,3.7220420837402344,2.1984848484848483
3557.037431240082,32.0,0.4562092301289607,801.9738865836791,69.17578125,0.9048471450805664,2.1850746268656716
3569.067441225052,26.0,1.2816279038459975,816.8018797512094,69.046875,3.72800350189209,2.476263399693721
3581.093956708908,28.0,0.5938877908179229,793.3519276270007,68.09375,0.9104957580566406,1.2538461538461538
3593.12837934494,22.0,1.1301633012490302,846.1942228335627,69.84375,3.7342453002929688,48.65238095238095
3606.159864425659,2.0,0.2850804440461697,842.9480945757998,69.14453125,0.9173593521118164,48.845238095238095
3619.1909470558167,38.0,1.2985181422861989,798.9196137931034,69.1328125,3.740654945373535,2.290625
3631.2203118801117,26.0,0.4363973751752333,804.9199167244969,68.75390625,0.9237289428710938,2.5384615384615383
3643.2501549720764,36.0,1.3036678430981044,788.2501534170153,69.19921875,3.74710750579834,2.2492537313432837
3655.2790472507477,9.0,0.2889408083937509,856.0856275862069,69.85546875,0.9301681518554688,48.63095238095238
3667.308123111725,3.0,1.1359079748205199,831.7425753424658,70.22265625,3.753559112548828,48.925233644859816
3680.339548587799,39.0,0.43496789509332034,829.314606741573,68.92578125,0.9365396499633789,2.626153846153846
3692.3683531284332,3.0,1.137839825229487,835.8051980542043,69.91015625,3.7599334716796875,48.83953488372093
3705.3987324237823,12.0,0.2928953433460116,835.7782243633861,70.046875,0.9433279037475586,48.60232558139535
3718.4297063350677,29.0,1.3871256164359063,796.4399724328049,69.17578125,3.7662086486816406,1.5651515151515152
3730.4597096443176,29.0,0.5480509630136512,803.4396694214877,69.3984375,0.9474306106567383,1.5259493670886075
3742.4894778728485,1.0,1.3504598522769065,785.2939322736697,71.08984375,3.7717151641845703,1.8409090909090908
3754.5215775966644,1.0,0.5119785941095346,829.4309141274239,70.41796875,0.951939582824707,1.7798701298701298
3766.550712823868,5.0,1.1432648160545296,825.2820836189171,69.640625,3.7781410217285156,49.114558472553696
3779.5836057662964,38.0,0.46835848866572044,806.9484599303136,70.41015625,0.9583454132080078,2.232307692307692
3791.6130182743073,36.0,1.3138109257245179,817.5448275862069,70.52734375,3.7842588424682617,2.2615384615384615
3803.6424565315247,34.0,0.4463537426317033,794.9025242718446,70.515625,0.9646329879760742,2.5757575757575757
3815.6690084934235,3.0,1.1470160534918756,843.1111841204654,71.94140625,3.790635108947754,48.7906976744186
3828.7020468711853,13.0,0.3012323804892512,846.698091286307,71.078125,0.9711637496948242,48.542857142857144
3841.734509706497,22.0,1.1490697515997697,832.5636263736264,70.63671875,3.7972402572631836,48.53333333333333
3854.76412153244,30.0,0.5521722583883927,803.1708689655172,70.41015625,0.9773101806640625,1.5545454545454545
3866.7925701141357,41.0,1.3193753184944708,799.6204830917875,72.09765625,3.8032922744750977,2.263076923076923
3878.8217492103577,0.0,0.5316494405320293,809.3551833910034,71.25,0.98370361328125,1.7029411764705882
3890.850179195404,4.0,1.4552628427610026,774.6462457569586,71.5859375,3.809009552001953,1.2865671641791045
3902.8799715042114,36.0,0.4831489997106067,800.7283102493075,71.5546875,0.9897623062133789,2.1671641791044776
3914.9079875946045,11.0,1.1545467194970365,837.6717849758787,73.1328125,3.815713882446289,48.62380952380953
3926.939942598343,4.0,0.6137926047139513,796.8537387698686,73.296875,0.9960441589355469,1.276470588235294
3938.967799425125,18.0,1.411039665052035,815.0276236933798,71.8515625,3.821639060974121,1.5214285714285714
3950.9996082782745,6.0,0.3103970574512673,839.8701098901099,73.1484375,1.0022621154785156,49.30232558139535
3963.029381275177,18.0,1.413748705762473,798.943207157605,73.35546875,3.827712059020996,1.5161764705882352
3975.057512283325,41.0,0.4767623745951858,805.6907988980716,72.64453125,1.0083160400390625,2.316923076923077
3987.0871589183807,18.0,1.416335371101455,806.1753379310344,72.17578125,3.8337011337280273,1.511764705882353
3999.1184344291687,5.0,0.31461056378766805,846.2182920110192,72.60546875,1.015768051147461,48.38809523809524
4012.148000240326,11.0,1.1619421915419292,849.7214590502409,73.16015625,3.8406906127929688,49.18372093023256
4024.1774394512177,3.0,0.3165182940780839,846.8899241902136,74.4140625,1.0223503112792969,48.58372093023256
4036.206164121628,17.0,1.423099291184002,782.9753824948311,73.48046875,3.8467655181884766,1.4955882352941177
4048.2351343631744,18.0,0.5681429861877835,786.1939890710382,74.53125,1.0282745361328125,1.55
4060.266473054886,17.0,1.411703347842147,760.3868326417704,73.31640625,3.852689743041992,1.5731343283582089
4072.2961251735687,22.0,0.3202055374843535,831.4906887052341,72.68359375,1.034646987915039,48.80975609756098
4084.3258810043335,15.0,1.4765580556944469,800.6756539792387,74.14453125,3.8585777282714844,1.2602941176470588
4096.3555953502655,15.0,0.6334075330978937,789.7992807745504,73.95703125,1.038492202758789,1.2490066225165564
4108.3865213394165,17.0,1.4199567754609799,815.8939214334941,73.9296875,3.8643712997436523,1.5441176470588236
4120.4163813591,19.0,0.6404407822176581,806.7656512749828,74.5625,1.0449762344360352,1.2294117647058824
4132.444267272949,11.0,1.1710233120869518,825.8889717046239,75.80078125,3.870877265930176,48.78809523809524
4145.475095272064,33.0,0.5000845331293161,792.8677724468814,74.81640625,1.0513887405395508,2.184848484848485
4157.504263162613,27.0,1.4769285997191635,822.5690187891441,74.03125,3.876601219177246,1.2805970149253731
4169.5325565338135,27.0,0.6315987435615013,805.9198895027624,74.60546875,1.055232048034668,1.276158940397351
4181.562091827393,21.0,1.174687931769626,825.6180698151951,73.80078125,3.8828392028808594,48.55
4194.596254825592,40.0,0.47421206368925706,826.0862179042332,73.94140625,1.0616731643676758,2.5954545454545452
4206.625912189484,17.0,1.427706517117613,791.7367884217781,74.53125,3.8889122009277344,1.5417910447761194
4218.653715133667,16.0,0.6438671277553323,804.9798475398475,76.828125,1.0673389434814453,1.2417910447761193
4230.682929515839,31.0,1.4879101859280344,769.2890171821306,74.484375,3.894651412963867,1.2582089552238807
4242.713378429413,31.0,0.6422151335720047,818.1077113402062,74.171875,1.0718002319335938,1.25359477124183
4254.7437427043915,10.0,1.1801161637954718,829.4737997256515,75.94921875,3.9008960723876953,48.253488372093024
4267.775358200073,35.0,0.48689004764842503,811.308804422944,75.078125,1.0782527923583984,2.4716417910447763
4279.80495929718,7.0,1.4743524678436053,816.8536666666666,74.97265625,3.906968116760254,1.3303030303030303
4291.831911087036,7.0,0.6342952255477236,824.9712941176471,74.57421875,1.0823593139648438,1.2986842105263159
4303.8602974414825,8.0,1.3508497589218407,823.2068603042876,75.5859375,3.913283348083496,2.2818181818181817
4315.890318632126,8.0,0.5025615381589639,801.717208016586,74.94140625,1.086857795715332,2.2867549668874174
4327.9192152023315,17.0,1.4427824322482856,804.7268191268191,75.296875,3.9194040298461914,1.5072463768115942
4339.947145938873,23.0,0.3378122641714988,823.7441103448276,75.70703125,1.093491554260254,48.773809523809526
4352.976857423782,21.0,1.187832043845746,853.4938842975206,76.0390625,3.926947593688965,48.79047619047619
4366.007638216019,11.0,0.3398968607512746,836.937253278123,76.421875,1.100346565246582,48.51190476190476
4378.036435365677,28.0,1.4877272189909927,790.2512319339298,75.73828125,3.932964324951172,1.3060606060606061
4390.066561460495,28.0,0.6457597507306171,800.0198895027625,75.16796875,1.1042766571044922,1.2783783783783784
4402.098119020462,17.0,1.441628560730637,816.6923835616439,75.84375,3.93875789642334,1.5477611940298508
4414.127590894699,10.0,0.3429696073342462,833.966923076923,77.23046875,1.11065673828125,48.555813953488375
4427.158582210541,24.0,1.1934894253966735,820.994363885089,75.57421875,3.94561767578125,48.55952380952381
4439.186714410782,17.0,0.5976613202301425,780.6371290545203,77.609375,1.116933822631836,1.5323529411764707
4451.216817378998,37.0,1.3651871187966804,791.0005749486653,77.109375,3.9516658782958984,2.2454545454545456
4463.2455098629,37.0,0.5130818835449584,816.9414030261348,76.08203125,1.1211662292480469,2.2834591626630063
4475.272677183151,20.0,1.3641870481800635,797.1295356895357,76.171875,3.9588565826416016,2.286153846153846
4487.299916982651,21.0,0.3480582200842077,834.9903296703296,77.26953125,1.1277313232421875,48.75
4500.33341050148,20.0,1.3627483758151095,798.4303657694962,76.99609375,3.965391159057617,2.33125
4512.362348794937,14.0,0.5099302167054378,813.878968641115,76.90625,1.1338272094726562,2.3776119402985074
4524.391575098038,32.0,1.3733004667602458,792.2975690607734,77.48046875,3.9714317321777344,2.2181818181818183
4536.423165798187,32.0,0.523518922960892,798.2407745504842,77.54296875,1.1380634307861328,2.215333333333333
4548.453507423401,20.0,1.3710388332855805,805.4139739190116,77.10546875,3.9778060913085938,2.270769230769231
4560.481449842453,24.0,0.3531181699686185,842.968049281314,77.69140625,1.144887924194336,49.216279069767445
4573.513774633408,20.0,1.369726760945943,794.0609021512838,78.32421875,3.98447322845459,2.3140625
4585.542461395264,29.0,0.6105678733699655,795.5951381215469,78.1640625,1.1510028839111328,1.5166666666666666
4597.57168006897,4.0,1.5020639318429956,803.215601659751,77.90234375,3.991212844848633,1.319402985074627
4609.600526332855,4.0,0.6565074587253968,792.8672639558924,78.80078125,1.155111312866211,1.2967948717948719
4621.63209438324,25.0,1.2090056617380485,846.7462801932367,78.0859375,3.9975881576538086,48.70697674418604
4633.664700746536,0.0,0.5945273237063801,800.8350819672131,78.51953125,1.1608505249023438,1.6343283582089552
4645.691005706787,20.0,1.3770127003122803,817.2439530062197,78.08984375,4.003692626953125,2.293846153846154
4657.7203023433685,38.0,0.5303475075568467,803.1990130226183,78.3828125,1.1670951843261719,2.2384615384615385
4669.748472929001,26.0,1.3719180399870117,841.1342717770035,79.4375,4.009652137756348,2.3876923076923076
4680.776777267456,26.0,0.5169418790505323,821.8860773480664,78.30078125,1.1711750030517578,2.438
4692.809036970139,39.0,1.3662819623666222,809.6561325966851,78.3046875,4.015859603881836,2.5
4704.839328050613,39.0,0.5144930007193715,822.7793208593208,79.1015625,1.1755800247192383,2.495138888888889
4716.870824098587,1.0,1.4494410925038117,814.5130843706777,78.6484375,4.022333145141602,1.6582089552238806
4728.899829149246,1.0,0.5916118761746081,821.6910957004162,77.97265625,1.179372787475586,1.692948717948718
4740.931796550751,20.0,1.3871219043179457,834.8847481021394,80.6875,4.028437614440918,2.2584615384615385
4752.962863922119,12.0,0.3655702938386834,850.2546961325967,79.484375,1.1862049102783203,48.68852459016394
4765.998103618622,36.0,1.3942834665611124,816.6144751381216,79.171875,4.034850120544434,2.193939393939394
4778.029623746872,34.0,0.519339216889242,812.2774068965517,80.1875,1.1924962997436523,2.4984848484848485
4790.060307502747,25.0,1.2221473634293574,853.5672928176796,80.3359375,4.041377067565918,48.45454545454545
4803.093997478485,36.0,0.5381208629319449,789.8835763411279,80.46484375,1.1987791061401367,2.26
4815.122410535812,20.0,1.390565969441765,807.3843526170799,79.3515625,4.047756195068359,2.289230769230769
4827.154187917709,18.0,0.63070356170194,814.0900891021248,79.6015625,1.2048978805541992,1.4940298507462686
4839.186373472214,30.0,1.4855883298668444,823.30560220234,80.04296875,4.054491996765137,1.493939393939394
4851.217844963074,30.0,0.630154493658048,802.6775757575757,80.44921875,1.209000587463379,1.5039735099337748
4863.246730804443,15.0,1.5516534586436235,804.8485182632668,80.19140625,4.060152053833008,1.2044117647058823
4875.275994300842,15.0,0.6972550003731361,805.627032967033,80.21484375,1.2128477096557617,1.2051612903225806
4887.307676553726,31.0,1.5455437263465717,801.4092179930796,79.09765625,4.065685272216797,1.2333333333333334
4899.338166713715,31.0,0.681353677620507,811.2804419889503,80.91015625,1.2166948318481445,1.2703947368421054
4911.3641266822815,41.0,1.4009105270471196,815.0076478679505,81.7578125,4.071605682373047,2.247692307692308
4923.394035816193,20.0,0.5482164051515478,802.9618681318681,80.6875,1.2230720520019531,2.2246153846153844
4935.426303863525,41.0,1.4070527593102051,801.8091045796309,80.6015625,4.077854156494141,2.1953125
4947.455783128738,27.0,0.6884025588270718,815.8520775623268,81.359375,1.228795051574707,1.2567164179104477
4959.487525224686,41.0,1.4041002054556986,836.0459656357389,79.9375,4.084591865539551,2.256923076923077
4971.51659154892,25.0,0.3802702258535135,832.2427359781121,80.0234375,1.2352304458618164,48.714285714285715
4984.551092863083,2.0,1.2371821343591172,850.9101928374656,81.37890625,4.091458320617676,48.3046511627907
4997.584012746811,41.0,0.5581261088753721,810.7769304886442,79.9453125,1.2416419982910156,2.1723076923076925
5009.6148109436035,16.0,1.5582548458820231,831.7792950932965,81.34375,4.097188949584961,1.2208955223880598
5021.6484615802765,16.0,0.7056311251754228,805.079278779473,81.54296875,1.245492935180664,1.2102564102564102
5033.678183555603,17.0,1.5076293688615308,821.7467219917012,82.96484375,4.10297966003418,1.4530303030303031
5045.709711074829,2.0,0.3853595997265977,832.2445761543763,81.48828125,1.2521305084228516,48.467441860465115
5057.74386548996,7.0,1.5391330919750605,834.2804686423156,81.65234375,4.109255790710449,1.3119402985074626
5069.772377729416,7.0,0.6777870672934438,818.456412371134,81.43359375,1.2562370300292969,1.3358108108108109
5081.803157329559,17.0,1.4972307722259393,782.6288065843621,81.80859375,4.115995407104492,1.5328358208955224
5093.834913015366,17.0,0.642751865983058,809.3871833910034,81.859375,1.2603435516357422,1.5198717948717948
5105.863922595978,19.0,1.567209529042169,792.6185041551246,81.875,4.1216583251953125,1.2149253731343284
5117.892476320267,19.0,0.7079917386557676,811.6420936639119,81.08984375,1.2641944885253906,1.2222929936305733
5129.92578959465,28.0,1.559633217756475,802.8218382861091,81.54296875,4.127192497253418,1.25
5141.95651102066,28.0,0.7059669648098562,821.6446228373702,82.15234375,1.2680416107177734,1.2342105263157894
5153.986109018326,40.0,1.3964974246381023,807.9293177119227,81.46875,4.133278846740723,2.58
5166.017333507538,22.0,0.3920534902238089,844.3448257006152,81.7109375,1.274566650390625,48.64523809523809
5179.048120975494,40.0,1.4022083514721966,805.8685399449037,82.28125,4.139725685119629,2.5184615384615383
5191.078785419464,40.0,0.546313489941506,791.1339178082192,81.765625,1.2793798446655273,2.4841059602649005
5203.110413551331,5.0,1.2537345036152392,840.2495514147688,82.86328125,4.146918296813965,48.69626168224299
5215.148903131485,4.0,0.695559779630658,816.8283906464925,82.875,1.2856569290161133,1.2969696969696969
5227.179116487503,5.0,1.2558078718584573,841.1054143646409,82.55859375,4.153554916381836,48.23720930232558
5240.211630344391,8.0,0.5628284427418812,827.2270000000001,83.24609375,1.2923259735107422,2.3029850746268656
5252.243773698807,33.0,1.4322112068167618,819.0073850377487,82.33984375,4.159807205200195,2.1880597014925374
5264.274310827255,33.0,0.5720693055927115,813.8489750692521,83.20703125,1.2965660095214844,2.202013422818792
5276.304277420044,31.0,1.57189662997487,803.0016574585636,82.68359375,4.165534973144531,1.246969696969697
5288.335499763489,31.0,0.7109898347314733,796.5412929848693,82.8046875,1.3004112243652344,1.252317880794702
5300.368241786957,15.0,1.584070342039345,812.7596148555708,83.27734375,4.171067237854004,1.2073529411764705
5312.410330057144,15.0,0.724993256738708,804.9259197786998,83.84765625,1.3048686981201172,1.2044871794871794
5324.429456472397,0.0,1.4960083739389334,824.8492822299651,82.8515625,4.176652908325195,1.6558823529411764
5336.45904135704,0.0,0.6352810954511584,816.9001247401247,83.84765625,1.308563232421875,1.6578616352201259
5348.490434646606,37.0,1.4285076725060326,792.9430652920962,82.82421875,4.1824951171875,2.3215384615384616
5360.521635055542,37.0,0.5747447701783326,811.5303724137931,84.16015625,1.312795639038086,2.228767123287671
5372.552228450775,5.0,1.2663850671647414,847.2938196834136,84.41015625,4.189192771911621,48.74186046511628
5384.585587024689,3.0,0.4055517474270983,839.7613708019192,83.77734375,1.3193769454956055,48.15296803652968
5397.619094848633,32.0,1.443787339112908,792.1992577319588,83.203125,4.195389747619629,2.1772727272727272
5409.651082038879,32.0,0.5822641334862289,823.8176616231087,83.82421875,1.3236093521118164,2.1769230769230767
5421.682213544846,9.0,1.2702692639962023,834.8963535911603,84.28125,4.201824188232422,48.216279069767445
5433.712114095688,9.0,0.408391897850446,846.3143724137931,84.83203125,1.3289804458618164,48.29375
5445.7415652275085,1.0,1.5011120666718976,832.7031840110269,83.65625,4.207554817199707,1.6848484848484848
5457.770196676254,1.0,0.6358972134888013,806.1909820193638,84.0390625,1.3326692581176758,1.7046052631578947
5469.8033146858215,30.0,1.5266197510209858,806.727729468599,84.36328125,4.213259696960449,1.5313432835820895
5481.831927537918,30.0,0.6653104394062035,816.0882037164488,83.53515625,1.3367700576782227,1.5218543046357615
5493.862211704254,13.0,1.2755733513125223,849.6494344827586,85.5234375,4.219635963439941,48.32142857142857
5505.894905567169,13.0,0.41212028945974766,857.6141563786008,84.546875,1.3413305282592773,48.16288659793815
5517.925044536591,16.0,1.5936646304041289,810.7939986235374,84.87890625,4.22552490234375,1.2323529411764707
5529.958036899567,16.0,0.7330739795261042,802.2370124481326,84.1171875,1.3451776504516602,1.219205298013245
5541.9873995780945,19.0,1.5952110427243587,809.955397260274,83.9296875,4.231058120727539,1.2328358208955223
5554.019443035126,19.0,0.7406084502797935,813.2873130193906,84.48828125,1.3498430252075195,1.1967948717948718
5566.050324440002,18.0,1.5402171187834635,793.8264734299516,84.87109375,4.236848831176758,1.4940298507462686
5578.07924580574,18.0,0.6789363346780916,791.2747622329429,85.83203125,1.3539457321166992,1.4741935483870967
5590.11100935936,29.0,1.535736098534994,797.7838344827586,83.8671875,4.242765426635742,1.5298507462686568
5602.142160892487,29.0,0.671223287697165,806.3469607167472,84.69140625,1.358046531677246,1.5245033112582782
5614.172139644623,5.0,1.2845560207117548,841.3201655172413,84.921875,4.249588966369629,48.40238095238095
5626.204267978668,17.0,0.6800600536112528,819.0083772538142,85.23828125,1.3643198013305664,1.4850746268656716
5638.2359302043915,28.0,1.5962980452276172,816.1598899587344,84.05859375,4.255245208740234,1.2567164179104477
5650.268640756607,28.0,0.739433179806529,820.716971782519,83.91015625,1.3681631088256836,1.2211920529801326
5662.298556089401,35.0,1.4423835432286225,812.7680883367839,85.0859375,4.261335372924805,2.4606060606060605
5674.331502199173,35.0,0.574441347392365,793.6901517241379,85.1953125,1.373382568359375,2.4844594594594596
5686.361082077026,20.0,1.4619428590409007,822.4210235131396,84.625,4.267792701721191,2.22
5698.39258480072,20.0,0.591377567774571,799.818740484429,84.0703125,1.3778715133666992,2.2653061224489797
5710.422406196594,38.0,1.4671226017135837,818.7953268428373,84.640625,4.274035453796387,2.18
5722.454002380371,38.0,0.5990736426142464,796.5759559834938,84.3984375,1.3821039199829102,2.1857142857142855
5734.485903978348,14.0,1.4574286237704066,799.5167977915804,85.91015625,4.279996871948242,2.325373134328358
5746.51602935791,14.0,0.5826290538191862,824.1793905817174,85.4296875,1.386183738708496,2.418954248366013
5758.546502113342,7.0,1.5988639937960025,817.0450172294968,86.1640625,4.285901069641113,1.2833333333333334
5770.57705783844,7.0,0.7251031594258392,797.4995628415301,85.65625,1.3902864456176758,1.304635761589404
5782.607374668121,27.0,1.6002000049829312,828.3250828729282,85.36328125,4.2915544509887695,1.284848484848485
5794.63959312439,27.0,0.7430379768900602,810.3683528600964,84.54296875,1.394942283630371,1.2379084967320262
5806.667298316956,36.0,1.473990103191342,800.687370600414,85.80859375,4.29747200012207,2.1818181818181817
5818.696738004684,36.0,0.6055204642695929,800.7862068965517,85.59765625,1.3991785049438477,2.169798657718121
5830.728661298752,6.0,1.3007650486535685,843.9139903514817,86.68359375,4.3037567138671875,48.5
5842.7592260837555,6.0,0.4307216621360095,846.3619834710745,85.31640625,1.403578758239746,48.545918367346935
5854.789088964462,26.0,1.4613342639570428,814.3138035961272,86.125,4.3097991943359375,2.3953846153846152
5866.818737745285,26.0,0.5899422068503755,814.6229834254143,85.7265625,1.4076547622680664,2.40625
5878.849735736847,5.0,1.3045342722189432,844.3317127071824,85.5625,4.316415786743164,48.75714285714286
5891.8828592300415,39.0,0.5835718013750654,813.1518672199171,85.91015625,1.4142236709594727,2.533333333333333
5903.91553735733,11.0,1.3065713441725717,850.2818784530386,86.38671875,4.323198318481445,48.66744186046512
5915.947383642197,11.0,0.4355402500587439,831.5345154639175,87.86328125,1.419856071472168,48.75208333333333
5928.981090545654,41.0,1.4817211026974757,820.8583022774327,86.2421875,4.329601287841797,2.2046153846153844
5941.010404825211,41.0,0.6092556869913638,817.2723966942149,85.4453125,1.424088478088379,2.2146666666666666
5953.041059494019,5.0,1.3105046436189833,839.4477808219178,87.03515625,4.336297988891602,48.614285714285714
5966.072072267532,23.0,0.4389143735331657,838.5976082474226,87.55859375,1.4310741424560547,48.71190476190476
5979.106131076813,34.0,1.4603627410045625,819.2663333333334,87.90234375,4.342867851257324,2.562121212121212
5991.138112068176,34.0,0.5905509214066971,804.147371310913,87.62109375,1.4354772567749023,2.5233766233766235
6003.166619539261,21.0,1.3144258657012822,841.1272477693892,87.4765625,4.349390983581543,48.61666666666667
6015.198546886444,21.0,0.4416476302316726,835.2650102951269,87.3125,1.4400320053100586,48.465625
6028.232244968414,10.0,1.316452248516097,823.6861327857632,87.609375,4.355993270874023,48.367441860465114
6040.261364221573,10.0,0.44329024239596165,846.055189524466,86.75,1.4454107284545898,48.32146389713155
6053.293121337891,12.0,1.3184925832731496,822.2811772758386,87.453125,4.362854957580566,48.48837209302326
6066.325253486633,5.0,0.44535948810101567,847.7032506887052,86.59375,1.4524030685424805,48.49767441860465
6078.355197906494,31.0,1.6255993548868344,818.2105582356994,86.57421875,4.368868827819824,1.2757575757575759
6090.385680675507,31.0,0.765448688177064,799.7512336319779,86.7109375,1.4562482833862305,1.2226027397260273
6102.418035507202,15.0,1.638171145438237,799.6945454545455,87.296875,4.374401092529297,1.2328358208955223
6114.449041366577,15.0,0.7715218472634833,798.4441379310346,88.01953125,1.4600934982299805,1.2044303797468354
6126.480557918549,12.0,1.3238445194049402,839.833282863042,88.5546875,4.380908012390137,48.75238095238095
6139.512030363083,24.0,0.4497065311556628,852.2027997227998,87.87890625,1.4670839309692383,48.72857142857143
6151.543953418732,4.0,1.6337048162667005,791.8176,88.0546875,4.387596130371094,1.2656716417910447
6163.572930812836,4.0,0.7576342782966381,789.7285733976568,88.27734375,1.471602439880371,1.2707792207792208
6175.603856563568,12.0,1.327855609945022,836.2296367374915,88.08984375,4.394230842590332,48.7093023255814
6187.635786056519,19.0,0.7722937185593198,809.1482093663911,88.484375,1.4776268005371094,1.2208955223880598
6199.666194438934,16.0,1.6505944024604737,807.1521224773834,89.43359375,4.399768829345703,1.214705882352941
6211.695058345795,16.0,0.7671340297776524,803.904484181568,88.9921875,1.4814777374267578,1.244871794871795
6223.731093645096,40.0,1.4795276999173308,811.3451214434419,87.7734375,4.405860900878906,2.5578125
6235.760057449341,40.0,0.605047878687663,822.1476710435385,88.39453125,1.4858808517456055,2.533103448275862
6247.791399002075,12.0,1.333367921273354,846.5125311203319,89.16015625,4.412647247314453,48.68604651162791
6259.8209862709045,28.0,0.7773198230325096,791.2197802197802,87.796875,1.4918994903564453,1.2181818181818183
6271.8518307209015,0.0,1.5665405056295214,808.1602199312714,89.73828125,4.4184370040893555,1.6691176470588236
6283.881585597992,0.0,0.6909424615963604,833.838056904927,89.37890625,1.4960041046142578,1.66125
6295.91136598587,12.0,1.3370594665494788,839.2614364640884,89.625,4.424866676330566,48.51190476190476
6307.940536737442,27.0,0.7764210809793397,847.2480553633218,88.95703125,1.502018928527832,1.2328358208955223
6319.968601226807,7.0,1.6509618883081794,817.011570247934,88.2421875,4.430651664733887,1.2484848484848485
6332.002052307129,7.0,0.7595170743019677,814.3888551724137,89.51171875,1.506190299987793,1.305921052631579
6344.033047437668,29.0,1.597430246804789,800.4570956641433,88.890625,4.43657112121582,1.508955223880597
6356.0639107227325,29.0,0.7168295534130066,793.344704264099,88.8359375,1.5106172561645508,1.5251655629139074
6368.095558643341,18.0,1.5994585208402319,801.2726119917298,89.73828125,4.442493438720703,1.507462686567164
6380.125468492508,18.0,0.7229196088641814,789.8676563573883,89.328125,1.514725685119629,1.4974025974025975
6392.156263589859,30.0,1.6060522305148939,817.5540965517241,90.0546875,4.4490251541137695,1.4815384615384615
6404.1858859062195,30.0,0.7202335016192467,813.4317864476386,89.33203125,1.5190343856811523,1.52
6416.215507984161,17.0,1.6008619832297493,777.2438957475995,89.44140625,4.4549455642700195,1.5208955223880598
6428.244938373566,17.0,0.7270632087816843,796.2296898690558,90.23046875,1.5231428146362305,1.4883116883116883
6440.276363134384,12.0,1.3480837622437294,823.2644644091224,90.16015625,4.461583137512207,48.44522144522144
6453.307296037674,33.0,0.6396989394056356,802.0608839779005,89.828125,1.529555320739746,2.228787878787879
6465.336265087128,25.0,1.3499753987936056,838.0032831737345,90.0625,4.468027114868164,48.67209302325581
6477.368505001068,25.0,0.46980298144675764,826.2712328767122,90.81640625,1.534113883972168,48.62842105263158
6489.396381139755,1.0,1.5845809984596095,825.940278551532,89.75,4.473762512207031,1.6590909090909092
6501.429378986359,1.0,0.6980000279711439,825.2116494133885,89.11328125,1.5378046035766602,1.7
6513.462151765823,12.0,1.3538779523874187,866.0323076923078,90.40625,4.481008529663086,48.55348837209302
6525.4930300712585,31.0,0.7917306736329197,828.0353591160222,89.6875,1.5438194274902344,1.2223880597014924
6537.522837400436,22.0,1.3557497938242968,833.9324090597117,90.6484375,4.487253189086914,48.597674418604655
6549.55201458931,22.0,0.4741419398550342,856.2522275531185,90.1640625,1.5483760833740234,48.27157894736842
6562.586165904999,37.0,1.5270000721231813,819.6487966804979,90.7265625,4.493527412414551,2.252307692307692
6574.614987611771,37.0,0.6474823828677935,806.4535906271537,90.15625,1.5526084899902344,2.218
6586.646075725555,15.0,1.6894190712751487,813.1713852515506,91.7578125,4.499249458312988,1.1823529411764706
6598.677246809006,15.0,0.7911062631233081,775.5912936344969,91.07421875,1.5564537048339844,1.2391025641025641
6610.706880092621,12.0,1.3613149596515692,819.5795884773663,91.62109375,4.505756378173828,48.46976744186046
6623.738792181015,32.0,0.6531508022309283,811.697032967033,91.44921875,1.5628623962402344,2.1863636363636365
6635.7694725990295,20.0,1.5357891009474358,806.4814305364513,92.43359375,4.512948989868164,2.2151515151515153
6647.804042339325,20.0,0.6471724647876704,817.0288219178083,91.46484375,1.567357063293457,2.2775510204081635
6659.8331780433655,35.0,1.5168702712797772,805.551270718232,91.41015625,4.519366264343262,2.5044117647058823
6671.866137742996,35.0,0.6343411602929199,756.6073626373626,91.1328125,1.5717658996582031,2.477551020408163
6683.8963742256165,2.0,1.3674247465720368,854.1899379738112,92.421875,4.526156425476074,48.41627906976744
6695.927978277206,2.0,0.4825720882373839,850.1503163686383,92.1484375,1.5765876770019531,48.33645833333333
6707.956833600998,4.0,1.6639595693770013,810.2727071823205,92.0625,4.532437324523926,1.3205882352941176
6719.986201047897,4.0,0.7902913095215548,795.4432132963989,92.26953125,1.5806961059570312,1.270860927152318
6732.014193534851,38.0,1.5467565809662411,798.8367358229599,92.28515625,4.538490295410156,2.1753846153846155
6744.043726444244,38.0,0.6512901524378105,825.6162749140893,92.28515625,1.5849323272705078,2.2924657534246577
6756.07408952713,12.0,1.3732204721388812,863.5785099111414,93.4140625,4.546008110046387,49.285714285714285
6769.107752084732,36.0,0.6619259438307084,806.0849655172414,91.71875,1.5913410186767578,2.183582089552239
6781.140953779221,14.0,1.5375750529902092,830.6084413793103,91.8671875,4.551976203918457,2.3439393939393938
6793.172059059143,14.0,0.645411429402656,822.8749171270719,91.71875,1.5954265594482422,2.4176470588235293
6805.200301647186,16.0,1.6998910126205002,793.6399449793672,92.87890625,4.55763053894043,1.2074626865671643
6817.233580350876,16.0,0.8112570348579785,805.8029295003422,91.984375,1.5992774963378906,1.2116129032258065
6829.265303850174,12.0,1.3788083367717512,831.1402608098833,92.5390625,4.5641374588012695,48.509302325581395
6842.297873020172,41.0,0.6620987620111484,809.0409347079038,92.44140625,1.6056880950927734,2.233846153846154
6854.327922105789,8.0,1.5533035738801606,791.9140413793103,93.1484375,4.570518493652344,2.212121212121212
6866.360035657883,8.0,0.6628968038970294,804.5668603042877,92.2734375,1.6101865768432617,2.2407894736842104
6878.392634630203,26.0,1.5368623142167914,798.0904467353952,92.0859375,4.577428817749023,2.4646153846153847
6890.422782897949,26.0,0.6518548947699124,846.3542225293711,92.17578125,1.6142663955688477,2.405960264900662
6902.451632261276,12.0,1.3846913219051606,835.4421532091097,94.0,4.584053039550781,48.94651162790698
6914.4820902347565,7.0,0.797745524508142,803.412599724897,93.39453125,1.62054443359375,1.2892307692307692
6926.514308452606,12.0,1.3867243083286942,833.9647781569965,93.578125,4.5906877517700195,48.72380952380952
6939.546732187271,29.0,0.7538900456200126,801.5146814404432,93.87109375,1.6268205642700195,1.5121212121212122
6951.576948404312,34.0,1.5343194300326297,777.6970637119114,94.7890625,4.596904754638672,2.5984848484848486
6963.603353023529,34.0,0.6475599362471095,817.3637351916376,94.01953125,1.6312274932861328,2.5496644295302016
6975.634529352188,12.0,1.39052896964242,843.7309540150995,95.08984375,4.603693008422852,49.18604651162791
6988.66583776474,30.0,0.7451962802578137,815.8333747412008,93.6171875,1.6375045776367188,1.5833333333333333
7000.697067737579,17.0,1.6479514770315917,815.9853544390915,94.6328125,4.610431671142578,1.517910447761194
7012.725728750229,17.0,0.7558213375847387,811.406111111111,94.02734375,1.641611099243164,1.5265544041450778
